batch,car,nodes,length_m,travel_time,rho_mean,speed_kph,start_x,start_y,goal_x,goal_y
0,0,21,980.7,88.26,1.188,40.0,489335.1256048606,5513360.688739832,489862.83108759683,5512714.270364838
0,1,4,358.2,26.11,0.194,49.4,488669.5413519151,5513638.393961628,488905.5053744782,5513537.697186124
0,2,21,980.7,96.15,1.188,36.7,489335.1256048606,5513360.688739832,489862.83108759683,5512714.270364838
0,3,8,717.7,62.82,0.7,41.1,490017.1493407046,5512613.3871029215,489862.83108759683,5512714.270364838
0,4,15,757.0,101.78,1.268,26.8,489506.40551119833,5513217.219580263,489862.83108759683,5512714.270364838
0,5,21,980.7,163.31,1.188,21.6,489335.1256048606,5513360.688739832,489862.83108759683,5512714.270364838
0,6,43,1121.3,215.22,0.673,18.8,489335.1256048606,5513360.688739832,489862.83108759683,5512714.270364838
0,7,6,243.0,18.54,0.183,47.2,489475.6250078953,5511909.17517744,489611.11977763043,5512015.712892384
1,0,5,410.5,34.16,0.821,43.3,488617.2865644318,5513636.691549854,488905.5053744782,5513537.697186124
1,1,21,980.7,158.22,0.997,22.3,489335.1256048606,5513360.688739832,489862.83108759683,5512714.270364838
1,2,5,410.5,37.75,0.821,39.1,488617.2865644318,5513636.691549854,488905.5053744782,5513537.697186124
1,3,2,0.0,0.0,0.0,0.0,489357.8995958957,5511864.233087387,489357.8995958957,5511864.233087387
1,4,4,358.2,35.76,0.894,36.1,488669.5413519151,5513638.393961628,488905.5053744782,5513537.697186124
1,5,5,410.5,53.95,0.821,27.4,488617.2865644318,5513636.691549854,488905.5053744782,5513537.697186124
1,6,8,717.7,93.19,0.728,27.7,490017.1493407046,5512613.3871029215,489862.83108759683,5512714.270364838
2,0,5,410.5,45.98,1.08,32.1,488617.2865644318,5513636.691549854,488905.5053744782,5513537.697186124
2,1,2,60.1,3.61,0.167,60.0,489639.2652545412,5511962.5925181685,489611.11977763043,5512015.712892384
2,2,5,410.5,57.37,1.08,25.8,488617.2865644318,5513636.691549854,488905.5053744782,5513537.697186124
2,3,21,980.7,139.87,0.846,25.2,489335.1256048606,5513360.688739832,489862.83108759683,5512714.270364838
2,4,2,0.0,0.0,0.0,0.0,489357.8995958957,5511864.233087387,489357.8995958957,5511864.233087387
2,5,5,410.5,72.51,1.08,20.4,488617.2865644318,5513636.691549854,488905.5053744782,5513537.697186124
3,0,4,358.2,43.16,1.061,29.9,488669.5413519151,5513638.393961628,488905.5053744782,5513537.697186124
3,1,15,757.0,97.58,1.533,27.9,489506.40551119833,5513217.219580263,489862.83108759683,5512714.270364838
3,2,21,980.7,156.41,1.373,22.6,489335.1256048606,5513360.688739832,489862.83108759683,5512714.270364838
3,3,16,779.0,177.87,1.511,15.8,489490.83191282937,5513232.770646456,489862.83108759683,5512714.270364838
3,4,2,0.0,0.0,0.0,0.0,489357.8995958957,5511864.233087387,489357.8995958957,5511864.233087387
3,5,30,858.3,109.01,0.606,28.3,490017.1493407046,5512613.3871029215,489862.83108759683,5512714.270364838
3,6,2,0.0,0.0,0.0,0.0,489357.8995958957,5511864.233087387,489357.8995958957,5511864.233087387
3,7,43,1121.3,279.67,0.925,14.4,489335.1256048606,5513360.688739832,489862.83108759683,5512714.270364838
3,8,5,410.5,65.73,0.99,22.5,488617.2865644318,5513636.691549854,488905.5053744782,5513537.697186124
4,0,8,717.7,90.12,1.203,28.7,490017.1493407046,5512613.3871029215,489862.83108759683,5512714.270364838
4,1,4,358.2,41.41,1.025,31.1,488669.5413519151,5513638.393961628,488905.5053744782,5513537.697186124
4,2,8,717.7,112.4,1.203,23.0,490017.1493407046,5512613.3871029215,489862.83108759683,5512714.270364838
4,3,37,897.6,193.1,0.838,16.7,489506.40551119833,5513217.219580263,489862.83108759683,5512714.270364838
4,4,5,410.5,62.16,0.935,23.8,488617.2865644318,5513636.691549854,488905.5053744782,5513537.697186124
4,5,2,0.0,0.0,0.0,0.0,489357.8995958957,5511864.233087387,489357.8995958957,5511864.233087387
4,6,8,717.7,159.83,1.203,16.2,490017.1493407046,5512613.3871029215,489862.83108759683,5512714.270364838
5,0,2,60.1,3.61,0.203,59.9,489639.2652545412,5511962.5925181685,489611.11977763043,5512015.712892384
5,1,5,410.5,49.74,1.295,29.7,488617.2865644318,5513636.691549854,488905.5053744782,5513537.697186124
5,2,2,0.0,0.0,0.0,0.0,489357.8995958957,5511864.233087387,489357.8995958957,5511864.233087387
5,3,2,0.0,0.0,0.0,0.0,489357.8995958957,5511864.233087387,489357.8995958957,5511864.233087387
5,4,4,358.2,50.87,1.393,25.3,488669.5413519151,5513638.393961628,488905.5053744782,5513537.697186124
5,5,5,410.5,75.77,1.295,19.5,488617.2865644318,5513636.691549854,488905.5053744782,5513537.697186124
5,6,5,410.5,95.1,1.295,15.5,488617.2865644318,5513636.691549854,488905.5053744782,5513537.697186124
6,0,21,980.7,116.4,1.137,30.3,489335.1256048606,5513360.688739832,489862.83108759683,5512714.270364838
6,1,21,980.7,151.87,1.137,23.2,489335.1256048606,5513360.688739832,489862.83108759683,5512714.270364838
6,2,2,60.1,3.69,0.288,58.7,489639.2652545412,5511962.5925181685,489611.11977763043,5512015.712892384
6,3,21,980.7,203.1,1.137,17.4,489335.1256048606,5513360.688739832,489862.83108759683,5512714.270364838
6,4,2,0.0,0.0,0.0,0.0,489357.8995958957,5511864.233087387,489357.8995958957,5511864.233087387
6,5,5,410.5,64.08,1.264,23.1,488617.2865644318,5513636.691549854,488905.5053744782,5513537.697186124
6,6,2,0.0,0.0,0.0,0.0,489357.8995958957,5511864.233087387,489357.8995958957,5511864.233087387
6,7,2,0.0,0.0,0.0,0.0,489357.8995958957,5511864.233087387,489357.8995958957,5511864.233087387
6,8,4,358.2,66.19,1.419,19.5,488669.5413519151,5513638.393961628,488905.5053744782,5513537.697186124
6,9,4,358.2,82.74,1.419,15.6,488669.5413519151,5513638.393961628,488905.5053744782,5513537.697186124
7,0,5,410.5,63.62,0.954,23.2,488617.2865644318,5513636.691549854,488905.5053744782,5513537.697186124
7,1,2,0.0,0.0,0.0,0.0,489357.8995958957,5511864.233087387,489357.8995958957,5511864.233087387
7,2,25,740.6,185.85,0.209,14.3,488800.472890099,5513140.421006656,488859.209428176,5512832.952139652
7,3,11,68.0,6.27,0.376,39.1,489878.3859119593,5512768.074769724,489862.83108759683,5512714.270364838
7,4,2,0.0,0.0,0.0,0.0,489357.8995958957,5511864.233087387,489357.8995958957,5511864.233087387
7,5,21,980.7,153.73,0.93,23.0,489335.1256048606,5513360.688739832,489862.83108759683,5512714.270364838
7,6,2,0.0,0.0,0.0,0.0,489357.8995958957,5511864.233087387,489357.8995958957,5511864.233087387
7,7,2,0.0,0.0,0.0,0.0,489357.8995958957,5511864.233087387,489357.8995958957,5511864.233087387
8,0,2,0.0,0.0,0.0,0.0,488905.5053744782,5513537.697186124,488905.5053744782,5513537.697186124
8,1,4,358.2,40.98,1.211,31.5,488669.5413519151,5513638.393961628,488905.5053744782,5513537.697186124
8,2,5,410.5,61.03,1.06,24.2,488617.2865644318,5513636.691549854,488905.5053744782,5513537.697186124
8,3,2,60.1,3.67,0.604,59.0,489639.2652545412,5511962.5925181685,489611.11977763043,5512015.712892384
8,4,21,980.7,130.84,0.805,27.0,489335.1256048606,5513360.688739832,489862.83108759683,5512714.270364838
8,5,2,0.0,0.0,0.0,0.0,488905.5053744782,5513537.697186124,488905.5053744782,5513537.697186124
8,6,4,358.2,65.12,1.211,19.8,488669.5413519151,5513638.393961628,488905.5053744782,5513537.697186124
8,7,2,60.1,4.0,0.604,54.1,489639.2652545412,5511962.5925181685,489611.11977763043,5512015.712892384
8,8,2,60.1,4.64,0.604,46.6,489639.2652545412,5511962.5925181685,489611.11977763043,5512015.712892384
9,0,21,980.7,119.54,1.041,29.5,489335.1256048606,5513360.688739832,489862.83108759683,5512714.270364838
9,1,21,980.7,158.74,1.041,22.2,489335.1256048606,5513360.688739832,489862.83108759683,5512714.270364838
9,2,19,159.4,14.54,0.595,39.5,489789.06203755044,5512772.1896977415,489862.83108759683,5512714.270364838
9,3,8,717.7,89.54,0.845,28.9,490017.1493407046,5512613.3871029215,489862.83108759683,5512714.270364838
9,4,30,858.3,108.68,0.581,28.4,490017.1493407046,5512613.3871029215,489862.83108759683,5512714.270364838
10,0,5,410.5,41.36,0.577,35.7,488617.2865644318,5513636.691549854,488905.5053744782,5513537.697186124
10,1,2,60.1,3.86,0.384,56.0,489639.2652545412,5511962.5925181685,489611.11977763043,5512015.712892384
10,2,5,314.2,24.8,0.438,45.6,488631.179047366,5512022.554642968,488835.3889673353,5511937.387367015
10,3,2,0.0,0.0,0.0,0.0,488905.5053744782,5513537.697186124,488905.5053744782,5513537.697186124
10,4,2,0.0,0.0,0.0,0.0,489357.8995958957,5511864.233087387,489357.8995958957,5511864.233087387
10,5,2,0.0,0.0,0.0,0.0,489357.8995958957,5511864.233087387,489357.8995958957,5511864.233087387
10,6,5,314.2,26.48,0.438,42.7,488631.179047366,5512022.554642968,488835.3889673353,5511937.387367015
10,7,21,980.7,145.34,0.909,24.3,489335.1256048606,5513360.688739832,489862.83108759683,5512714.270364838
10,8,2,0.0,0.0,0.0,0.0,489357.8995958957,5511864.233087387,489357.8995958957,5511864.233087387
10,9,8,717.7,97.84,0.815,26.4,490017.1493407046,5512613.3871029215,489862.83108759683,5512714.270364838
11,0,8,717.7,79.54,1.34,32.5,490017.1493407046,5512613.3871029215,489862.83108759683,5512714.270364838
11,1,2,0.0,0.0,0.0,0.0,489357.8995958957,5511864.233087387,489357.8995958957,5511864.233087387
11,2,8,717.7,100.17,1.34,25.8,490017.1493407046,5512613.3871029215,489862.83108759683,5512714.270364838
11,3,36,837.5,129.5,0.941,23.3,489543.1665336083,5513169.685356457,489862.83108759683,5512714.270364838
11,4,4,358.2,31.51,0.767,40.9,488669.5413519151,5513638.393961628,488905.5053744782,5513537.697186124
11,5,4,358.2,38.5,0.767,33.5,488669.5413519151,5513638.393961628,488905.5053744782,5513537.697186124
11,6,17,808.5,179.23,1.363,16.2,489468.69902200956,5513252.214738142,489862.83108759683,5512714.270364838
11,7,43,1121.3,250.06,0.926,16.1,489335.1256048606,5513360.688739832,489862.83108759683,5512714.270364838
11,8,8,717.7,188.66,1.34,13.7,490017.1493407046,5512613.3871029215,489862.83108759683,5512714.270364838
12,0,4,358.2,34.11,0.849,37.8,488669.5413519151,5513638.393961628,488905.5053744782,5513537.697186124
12,1,21,980.7,183.65,1.238,19.2,489335.1256048606,5513360.688739832,489862.83108759683,5512714.270364838
12,2,2,60.1,3.71,0.472,58.3,489639.2652545412,5511962.5925181685,489611.11977763043,5512015.712892384
12,3,21,980.7,242.75,1.238,14.5,489335.1256048606,5513360.688739832,489862.83108759683,5512714.270364838
12,4,2,60.1,4.11,0.472,52.7,489639.2652545412,5511962.5925181685,489611.11977763043,5512015.712892384
12,5,5,410.5,50.08,0.725,29.5,488617.2865644318,5513636.691549854,488905.5053744782,5513537.697186124
12,6,2,0.0,0.0,0.0,0.0,489357.8995958957,5511864.233087387,489357.8995958957,5511864.233087387
13,0,5,410.5,43.94,1.168,33.6,488617.2865644318,5513636.691549854,488905.5053744782,5513537.697186124
13,1,2,0.0,0.0,0.0,0.0,489357.8995958957,5511864.233087387,489357.8995958957,5511864.233087387
13,2,21,980.7,170.83,1.473,20.7,489335.1256048606,5513360.688739832,489862.83108759683,5512714.270364838
13,3,2,0.0,0.0,0.0,0.0,489357.8995958957,5511864.233087387,489357.8995958957,5511864.233087387
13,4,21,980.7,228.38,1.473,15.5,489335.1256048606,5513360.688739832,489862.83108759683,5512714.270364838
13,5,5,410.5,54.25,1.168,27.2,488617.2865644318,5513636.691549854,488905.5053744782,5513537.697186124
13,6,4,358.2,56.59,1.287,22.8,488669.5413519151,5513638.393961628,488905.5053744782,5513537.697186124
13,7,5,410.5,82.94,1.168,17.8,488617.2865644318,5513636.691549854,488905.5053744782,5513537.697186124
13,8,43,1121.3,295.05,0.94,13.7,489335.1256048606,5513360.688739832,489862.83108759683,5512714.270364838
14,0,21,980.7,194.29,1.614,18.2,489335.1256048606,5513360.688739832,489862.83108759683,5512714.270364838
14,1,2,60.1,3.76,0.67,57.5,489639.2652545412,5511962.5925181685,489611.11977763043,5512015.712892384
14,2,2,0.0,0.0,0.0,0.0,489357.8995958957,5511864.233087387,489357.8995958957,5511864.233087387
14,3,21,980.7,259.59,1.614,13.6,489335.1256048606,5513360.688739832,489862.83108759683,5512714.270364838
14,4,4,358.2,48.64,0.967,26.5,488669.5413519151,5513638.393961628,488905.5053744782,5513537.697186124
14,5,43,1121.3,336.93,1.037,12.0,489335.1256048606,5513360.688739832,489862.83108759683,5512714.270364838
14,6,2,60.1,4.22,0.67,51.3,489639.2652545412,5511962.5925181685,489611.11977763043,5512015.712892384
14,7,2,60.1,4.98,0.67,43.5,489639.2652545412,5511962.5925181685,489611.11977763043,5512015.712892384
14,8,2,0.0,0.0,0.0,0.0,489357.8995958957,5511864.233087387,489357.8995958957,5511864.233087387
15,0,2,0.0,0.0,0.0,0.0,489357.8995958957,5511864.233087387,489357.8995958957,5511864.233087387
15,1,2,0.0,0.0,0.0,0.0,488905.5053744782,5513537.697186124,488905.5053744782,5513537.697186124
15,2,21,980.7,211.24,1.278,16.7,489335.1256048606,5513360.688739832,489862.83108759683,5512714.270364838
15,3,8,717.7,106.8,0.966,24.2,490017.1493407046,5512613.3871029215,489862.83108759683,5512714.270364838
15,4,30,858.3,129.81,0.648,23.8,490017.1493407046,5512613.3871029215,489862.83108759683,5512714.270364838
15,5,5,410.5,47.31,0.704,31.2,488617.2865644318,5513636.691549854,488905.5053744782,5513537.697186124
15,6,2,60.1,4.48,0.569,48.3,489639.2652545412,5511962.5925181685,489611.11977763043,5512015.712892384
16,0,21,980.7,172.06,1.754,20.5,489335.1256048606,5513360.688739832,489862.83108759683,5512714.270364838
16,1,2,0.0,0.0,0.0,0.0,489357.8995958957,5511864.233087387,489357.8995958957,5511864.233087387
16,2,5,410.5,42.78,0.814,34.5,488617.2865644318,5513636.691549854,488905.5053744782,5513537.697186124
16,3,17,808.5,193.84,1.892,15.0,489468.69902200956,5513252.214738142,489862.83108759683,5512714.270364838
16,4,36,837.5,222.0,1.252,13.6,489543.1665336083,5513169.685356457,489862.83108759683,5512714.270364838
16,5,5,410.5,52.81,0.814,28.0,488617.2865644318,5513636.691549854,488905.5053744782,5513537.697186124
16,6,14,696.9,280.01,1.988,9.0,489543.1665336083,5513169.685356457,489862.83108759683,5512714.270364838
16,7,43,1121.3,422.15,1.263,9.6,489335.1256048606,5513360.688739832,489862.83108759683,5512714.270364838
16,8,11,350.0,126.01,0.25,10.0,488600.1125580362,5512997.617162167,488859.209428176,5512832.952139652
17,0,2,60.1,3.83,0.705,56.5,489639.2652545412,5511962.5925181685,489611.11977763043,5512015.712892384
17,1,5,410.5,45.51,1.026,32.5,488617.2865644318,5513636.691549854,488905.5053744782,5513537.697186124
17,2,2,60.1,4.35,0.705,49.7,489639.2652545412,5511962.5925181685,489611.11977763043,5512015.712892384
17,3,2,0.0,0.0,0.0,0.0,489357.8995958957,5511864.233087387,489357.8995958957,5511864.233087387
17,4,5,410.5,56.79,1.026,26.0,488617.2865644318,5513636.691549854,488905.5053744782,5513537.697186124
17,5,2,60.1,5.17,0.705,41.8,489639.2652545412,5511962.5925181685,489611.11977763043,5512015.712892384
17,6,8,717.7,107.26,0.827,24.1,490017.1493407046,5512613.3871029215,489862.83108759683,5512714.270364838
17,7,4,358.2,56.77,1.095,22.7,488669.5413519151,5513638.393961628,488905.5053744782,5513537.697186124
18,0,21,980.7,152.26,0.902,23.2,489335.1256048606,5513360.688739832,489862.83108759683,5512714.270364838
18,1,5,410.5,52.67,1.007,28.1,488617.2865644318,5513636.691549854,488905.5053744782,5513537.697186124
18,2,2,0.0,0.0,0.0,0.0,488905.5053744782,5513537.697186124,488905.5053744782,5513537.697186124
18,3,5,410.5,66.41,1.007,22.2,488617.2865644318,5513636.691549854,488905.5053744782,5513537.697186124
18,4,2,0.0,0.0,0.0,0.0,489357.8995958957,5511864.233087387,489357.8995958957,5511864.233087387
18,5,2,0.0,0.0,0.0,0.0,489357.8995958957,5511864.233087387,489357.8995958957,5511864.233087387
18,6,2,60.1,4.57,0.589,47.3,489639.2652545412,5511962.5925181685,489611.11977763043,5512015.712892384
19,0,2,0.0,0.0,0.0,0.0,489357.8995958957,5511864.233087387,489357.8995958957,5511864.233087387
19,1,2,60.1,4.28,0.687,50.5,489639.2652545412,5511962.5925181685,489611.11977763043,5512015.712892384
19,2,8,717.7,70.93,0.67,36.4,490017.1493407046,5512613.3871029215,489862.83108759683,5512714.270364838
19,3,5,410.5,51.74,0.8,28.6,488617.2865644318,5513636.691549854,488905.5053744782,5513537.697186124
19,4,2,0.0,0.0,0.0,0.0,489357.8995958957,5511864.233087387,489357.8995958957,5511864.233087387
19,5,21,980.7,142.45,0.826,24.8,489335.1256048606,5513360.688739832,489862.83108759683,5512714.270364838
19,6,2,60.1,5.07,0.687,42.7,489639.2652545412,5511962.5925181685,489611.11977763043,5512015.712892384
19,7,2,0.0,0.0,0.0,0.0,489357.8995958957,5511864.233087387,489357.8995958957,5511864.233087387
20,0,4,358.2,35.3,0.688,36.5,488669.5413519151,5513638.393961628,488905.5053744782,5513537.697186124
20,1,8,717.7,72.6,0.709,35.6,490017.1493407046,5512613.3871029215,489862.83108759683,5512714.270364838
20,2,5,314.2,24.8,0.221,45.6,488631.179047366,5512022.554642968,488835.3889673353,5511937.387367015
20,3,2,0.0,0.0,0.0,0.0,489357.8995958957,5511864.233087387,489357.8995958957,5511864.233087387
20,4,2,60.1,4.53,0.746,47.8,489639.2652545412,5511962.5925181685,489611.11977763043,5512015.712892384
20,5,21,980.7,137.79,0.781,25.6,489335.1256048606,5513360.688739832,489862.83108759683,5512714.270364838
20,6,2,60.1,5.42,0.746,39.9,489639.2652545412,5511962.5925181685,489611.11977763043,5512015.712892384
20,7,2,0.0,0.0,0.0,0.0,489357.8995958957,5511864.233087387,489357.8995958957,5511864.233087387
21,0,8,717.7,73.81,0.912,35.0,490017.1493407046,5512613.3871029215,489862.83108759683,5512714.270364838
21,1,21,980.7,135.45,1.236,26.1,489335.1256048606,5513360.688739832,489862.83108759683,5512714.270364838
21,2,4,358.2,32.54,0.607,39.6,488669.5413519151,5513638.393961628,488905.5053744782,5513537.697186124
21,3,43,1121.3,177.19,0.727,22.8,489335.1256048606,5513360.688739832,489862.83108759683,5512714.270364838
21,4,2,0.0,0.0,0.0,0.0,489357.8995958957,5511864.233087387,489357.8995958957,5511864.233087387
21,5,5,88.6,11.1,0.192,28.7,489603.47737474774,5511951.632139955,489611.11977763043,5512015.712892384
21,6,2,60.1,4.69,0.781,46.1,489639.2652545412,5511962.5925181685,489611.11977763043,5512015.712892384
21,7,2,60.1,5.65,0.781,38.3,489639.2652545412,5511962.5925181685,489611.11977763043,5512015.712892384
21,8,21,980.7,231.28,1.236,15.3,489335.1256048606,5513360.688739832,489862.83108759683,5512714.270364838
22,0,21,980.7,166.27,1.237,21.2,489335.1256048606,5513360.688739832,489862.83108759683,5512714.270364838
22,1,4,358.2,31.12,1.336,41.4,488669.5413519151,5513638.393961628,488905.5053744782,5513537.697186124
22,2,5,410.5,45.71,1.092,32.3,488617.2865644318,5513636.691549854,488905.5053744782,5513537.697186124
22,3,4,358.2,47.53,1.336,27.1,488669.5413519151,5513638.393961628,488905.5053744782,5513537.697186124
22,4,2,60.1,4.79,0.635,45.1,489639.2652545412,5511962.5925181685,489611.11977763043,5512015.712892384
22,5,4,358.2,60.02,1.336,21.5,488669.5413519151,5513638.393961628,488905.5053744782,5513537.697186124
22,6,4,358.2,75.36,1.336,17.1,488669.5413519151,5513638.393961628,488905.5053744782,5513537.697186124
22,7,21,980.7,223.08,1.237,15.8,489335.1256048606,5513360.688739832,489862.83108759683,5512714.270364838
23,0,2,0.0,0.0,0.0,0.0,488905.5053744782,5513537.697186124,488905.5053744782,5513537.697186124
23,1,2,60.1,4.39,0.881,49.3,489639.2652545412,5511962.5925181685,489611.11977763043,5512015.712892384
23,2,2,60.1,5.23,0.881,41.4,489639.2652545412,5511962.5925181685,489611.11977763043,5512015.712892384
23,3,2,0.0,0.0,0.0,0.0,489357.8995958957,5511864.233087387,489357.8995958957,5511864.233087387
23,4,5,410.5,58.44,1.193,25.3,488617.2865644318,5513636.691549854,488905.5053744782,5513537.697186124
23,5,2,60.1,6.37,0.881,34.0,489639.2652545412,5511962.5925181685,489611.11977763043,5512015.712892384
23,6,5,410.5,73.07,1.193,20.2,488617.2865644318,5513636.691549854,488905.5053744782,5513537.697186124
23,7,4,358.2,79.65,1.385,16.2,488669.5413519151,5513638.393961628,488905.5053744782,5513537.697186124
23,8,8,717.7,80.77,0.657,32.0,490017.1493407046,5512613.3871029215,489862.83108759683,5512714.270364838
24,0,4,358.2,52.19,1.414,24.7,488669.5413519151,5513638.393961628,488905.5053744782,5513537.697186124
24,1,2,0.0,0.0,0.0,0.0,489357.8995958957,5511864.233087387,489357.8995958957,5511864.233087387
24,2,4,358.2,65.83,1.414,19.6,488669.5413519151,5513638.393961628,488905.5053744782,5513537.697186124
24,3,2,0.0,0.0,0.0,0.0,489357.8995958957,5511864.233087387,489357.8995958957,5511864.233087387
24,4,2,0.0,0.0,0.0,0.0,489357.8995958957,5511864.233087387,489357.8995958957,5511864.233087387
24,5,2,60.1,5.12,0.695,42.3,489639.2652545412,5511962.5925181685,489611.11977763043,5512015.712892384
24,6,4,358.2,82.31,1.414,15.7,488669.5413519151,5513638.393961628,488905.5053744782,5513537.697186124
24,7,8,717.7,71.42,0.595,36.2,490017.1493407046,5512613.3871029215,489862.83108759683,5512714.270364838
25,0,2,0.0,0.0,0.0,0.0,489357.8995958957,5511864.233087387,489357.8995958957,5511864.233087387
25,1,5,410.5,61.39,1.425,24.1,488617.2865644318,5513636.691549854,488905.5053744782,5513537.697186124
25,2,5,410.5,76.73,1.425,19.3,488617.2865644318,5513636.691549854,488905.5053744782,5513537.697186124
25,3,5,410.5,95.83,1.425,15.4,488617.2865644318,5513636.691549854,488905.5053744782,5513537.697186124
25,4,2,60.1,4.55,0.751,47.6,489639.2652545412,5511962.5925181685,489611.11977763043,5512015.712892384
25,5,2,0.0,0.0,0.0,0.0,489357.8995958957,5511864.233087387,489357.8995958957,5511864.233087387
25,6,8,717.7,67.21,0.557,38.4,490017.1493407046,5512613.3871029215,489862.83108759683,5512714.270364838
25,7,4,358.2,103.54,1.626,12.5,488669.5413519151,5513638.393961628,488905.5053744782,5513537.697186124
25,8,2,60.1,5.45,0.751,39.7,489639.2652545412,5511962.5925181685,489611.11977763043,5512015.712892384
26,0,2,0.0,0.0,0.0,0.0,489357.8995958957,5511864.233087387,489357.8995958957,5511864.233087387
26,1,2,60.1,4.7,0.617,46.0,489639.2652545412,5511962.5925181685,489611.11977763043,5512015.712892384
26,2,4,358.2,62.07,1.365,20.8,488669.5413519151,5513638.393961628,488905.5053744782,5513537.697186124
26,3,2,0.0,0.0,0.0,0.0,489357.8995958957,5511864.233087387,489357.8995958957,5511864.233087387
26,4,5,88.6,11.1,0.207,28.7,489603.47737474774,5511951.632139955,489611.11977763043,5512015.712892384
26,5,2,0.0,0.0,0.0,0.0,489357.8995958957,5511864.233087387,489357.8995958957,5511864.233087387
26,6,4,358.2,77.83,1.365,16.6,488669.5413519151,5513638.393961628,488905.5053744782,5513537.697186124
26,7,8,717.7,65.19,0.535,39.6,490017.1493407046,5512613.3871029215,489862.83108759683,5512714.270364838
26,8,2,0.0,0.0,0.0,0.0,489357.8995958957,5511864.233087387,489357.8995958957,5511864.233087387
27,0,2,0.0,0.0,0.0,0.0,489357.8995958957,5511864.233087387,489357.8995958957,5511864.233087387
27,1,2,60.1,4.35,0.537,49.8,489639.2652545412,5511962.5925181685,489611.11977763043,5512015.712892384
27,2,4,358.2,51.43,1.208,25.1,488669.5413519151,5513638.393961628,488905.5053744782,5513537.697186124
27,3,4,358.2,64.88,1.208,19.9,488669.5413519151,5513638.393961628,488905.5053744782,5513537.697186124
27,4,21,980.7,95.14,0.888,37.1,489335.1256048606,5513360.688739832,489862.83108759683,5512714.270364838
27,5,2,0.0,0.0,0.0,0.0,489357.8995958957,5511864.233087387,489357.8995958957,5511864.233087387
27,6,21,980.7,114.33,0.888,30.9,489335.1256048606,5513360.688739832,489862.83108759683,5512714.270364838
27,7,21,980.7,149.28,0.888,23.6,489335.1256048606,5513360.688739832,489862.83108759683,5512714.270364838
27,8,2,0.0,0.0,0.0,0.0,489357.8995958957,5511864.233087387,489357.8995958957,5511864.233087387
28,0,21,980.7,128.49,1.028,27.5,489335.1256048606,5513360.688739832,489862.83108759683,5512714.270364838
28,1,2,0.0,0.0,0.0,0.0,489357.8995958957,5511864.233087387,489357.8995958957,5511864.233087387
28,2,4,358.2,45.94,1.502,28.1,488669.5413519151,5513638.393961628,488905.5053744782,5513537.697186124
28,3,4,358.2,58.01,1.502,22.2,488669.5413519151,5513638.393961628,488905.5053744782,5513537.697186124
28,4,5,410.5,80.81,1.271,18.3,488617.2865644318,5513636.691549854,488905.5053744782,5513537.697186124
28,5,2,0.0,0.0,0.0,0.0,489357.8995958957,5511864.233087387,489357.8995958957,5511864.233087387
28,6,5,410.5,99.85,1.271,14.8,488617.2865644318,5513636.691549854,488905.5053744782,5513537.697186124
28,7,21,980.7,171.54,1.028,20.6,489335.1256048606,5513360.688739832,489862.83108759683,5512714.270364838
29,0,8,717.7,71.91,0.739,35.9,490017.1493407046,5512613.3871029215,489862.83108759683,5512714.270364838
29,1,2,0.0,0.0,0.0,0.0,489357.8995958957,5511864.233087387,489357.8995958957,5511864.233087387
29,2,5,410.5,65.68,0.959,22.5,488617.2865644318,5513636.691549854,488905.5053744782,5513537.697186124
29,3,21,980.7,152.61,1.137,23.1,489335.1256048606,5513360.688739832,489862.83108759683,5512714.270364838
29,4,43,1121.3,201.63,0.652,20.0,489335.1256048606,5513360.688739832,489862.83108759683,5512714.270364838
29,5,2,60.1,3.81,0.36,56.8,489639.2652545412,5511962.5925181685,489611.11977763043,5512015.712892384
29,6,2,0.0,0.0,0.0,0.0,488905.5053744782,5513537.697186124,488905.5053744782,5513537.697186124
29,7,2,0.0,0.0,0.0,0.0,489357.8995958957,5511864.233087387,489357.8995958957,5511864.233087387
30,0,21,980.7,151.89,1.434,23.2,489335.1256048606,5513360.688739832,489862.83108759683,5512714.270364838
30,1,4,358.2,42.44,1.046,30.4,488669.5413519151,5513638.393961628,488905.5053744782,5513537.697186124
30,2,14,696.9,146.87,1.697,17.1,489543.1665336083,5513169.685356457,489862.83108759683,5512714.270364838
30,3,36,837.5,192.83,1.017,15.6,489543.1665336083,5513169.685356457,489862.83108759683,5512714.270364838
30,4,5,410.5,62.26,0.917,23.7,488617.2865644318,5513636.691549854,488905.5053744782,5513537.697186124
30,5,15,757.0,259.59,1.658,10.5,489506.40551119833,5513217.219580263,489862.83108759683,5512714.270364838
30,6,2,0.0,0.0,0.0,0.0,489357.8995958957,5511864.233087387,489357.8995958957,5511864.233087387
30,7,5,314.2,24.8,0.22,45.6,488631.179047366,5512022.554642968,488835.3889673353,5511937.387367015
30,8,30,858.3,147.34,0.708,21.0,490017.1493407046,5512613.3871029215,489862.83108759683,5512714.270364838
31,0,4,358.2,41.0,1.017,31.5,488669.5413519151,5513638.393961628,488905.5053744782,5513537.697186124
31,1,21,980.7,200.05,1.171,17.6,489335.1256048606,5513360.688739832,489862.83108759683,5512714.270364838
31,2,2,0.0,0.0,0.0,0.0,489357.8995958957,5511864.233087387,489357.8995958957,5511864.233087387
31,3,6,243.0,18.54,0.186,47.2,489475.6250078953,5511909.17517744,489611.11977763043,5512015.712892384
31,4,2,0.0,0.0,0.0,0.0,489357.8995958957,5511864.233087387,489357.8995958957,5511864.233087387
31,5,8,717.7,118.95,1.073,21.7,490017.1493407046,5512613.3871029215,489862.83108759683,5512714.270364838
31,6,30,858.3,144.85,0.72,21.3,490017.1493407046,5512613.3871029215,489862.83108759683,5512714.270364838
31,7,5,410.5,60.31,0.892,24.5,488617.2865644318,5513636.691549854,488905.5053744782,5513537.697186124
31,8,2,0.0,0.0,0.0,0.0,488835.3889673353,5511937.387367015,488835.3889673353,5511937.387367015
32,0,21,980.7,167.56,1.122,21.1,489335.1256048606,5513360.688739832,489862.83108759683,5512714.270364838
32,1,2,0.0,0.0,0.0,0.0,489357.8995958957,5511864.233087387,489357.8995958957,5511864.233087387
32,2,4,358.2,40.16,1.193,32.1,488669.5413519151,5513638.393961628,488905.5053744782,5513537.697186124
32,3,4,358.2,50.55,1.193,25.5,488669.5413519151,5513638.393961628,488905.5053744782,5513537.697186124
32,4,2,60.1,3.64,0.244,59.5,489639.2652545412,5511962.5925181685,489611.11977763043,5512015.712892384
32,5,15,757.0,187.01,1.291,14.6,489506.40551119833,5513217.219580263,489862.83108759683,5512714.270364838
32,6,2,0.0,0.0,0.0,0.0,489357.8995958957,5511864.233087387,489357.8995958957,5511864.233087387
32,7,4,358.2,63.79,1.193,20.2,488669.5413519151,5513638.393961628,488905.5053744782,5513537.697186124
32,8,2,0.0,0.0,0.0,0.0,489357.8995958957,5511864.233087387,489357.8995958957,5511864.233087387
33,0,2,0.0,0.0,0.0,0.0,489357.8995958957,5511864.233087387,489357.8995958957,5511864.233087387
33,1,4,358.2,45.47,1.299,28.4,488669.5413519151,5513638.393961628,488905.5053744782,5513537.697186124
33,2,4,358.2,57.41,1.299,22.5,488669.5413519151,5513638.393961628,488905.5053744782,5513537.697186124
33,3,2,0.0,0.0,0.0,0.0,489357.8995958957,5511864.233087387,489357.8995958957,5511864.233087387
33,4,21,980.7,157.88,0.958,22.4,489335.1256048606,5513360.688739832,489862.83108759683,5512714.270364838
33,5,8,717.7,102.28,0.822,25.3,490017.1493407046,5512613.3871029215,489862.83108759683,5512714.270364838
33,6,4,358.2,72.21,1.299,17.9,488669.5413519151,5513638.393961628,488905.5053744782,5513537.697186124
33,7,2,0.0,0.0,0.0,0.0,489357.8995958957,5511864.233087387,489357.8995958957,5511864.233087387
34,0,7,741.6,70.01,0.667,38.1,489062.7672035188,5512951.354956505,488905.5053744782,5513537.697186124
34,1,11,68.0,6.3,0.389,38.9,489878.3859119593,5512768.074769724,489862.83108759683,5512714.270364838
34,2,2,0.0,0.0,0.0,0.0,489357.8995958957,5511864.233087387,489357.8995958957,5511864.233087387
34,3,13,671.0,103.28,1.15,23.4,489557.0215396248,5513147.744885332,489862.83108759683,5512714.270364838
34,4,15,757.0,149.39,1.102,18.2,489506.40551119833,5513217.219580263,489862.83108759683,5512714.270364838
34,5,4,358.2,60.79,1.335,21.2,488669.5413519151,5513638.393961628,488905.5053744782,5513537.697186124
34,6,2,60.1,3.65,0.255,59.3,489639.2652545412,5511962.5925181685,489611.11977763043,5512015.712892384
34,7,2,0.0,0.0,0.0,0.0,489357.8995958957,5511864.233087387,489357.8995958957,5511864.233087387
34,8,5,410.5,83.93,1.079,17.6,488617.2865644318,5513636.691549854,488905.5053744782,5513537.697186124
35,0,6,243.0,18.56,0.207,47.1,489475.6250078953,5511909.17517744,489611.11977763043,5512015.712892384
35,1,2,0.0,0.0,0.0,0.0,489357.8995958957,5511864.233087387,489357.8995958957,5511864.233087387
35,2,21,980.7,137.1,1.267,25.8,489335.1256048606,5513360.688739832,489862.83108759683,5512714.270364838
35,3,21,980.7,181.88,1.267,19.4,489335.1256048606,5513360.688739832,489862.83108759683,5512714.270364838
35,4,43,1121.3,239.22,0.791,16.9,489335.1256048606,5513360.688739832,489862.83108759683,5512714.270364838
35,5,4,358.2,50.76,1.19,25.4,488669.5413519151,5513638.393961628,488905.5053744782,5513537.697186124
35,6,5,410.5,71.97,0.989,20.5,488617.2865644318,5513636.691549854,488905.5053744782,5513537.697186124
36,0,4,358.2,45.58,1.297,28.3,488669.5413519151,5513638.393961628,488905.5053744782,5513537.697186124
36,1,5,410.5,65.68,1.081,22.5,488617.2865644318,5513636.691549854,488905.5053744782,5513537.697186124
36,2,2,60.1,3.65,0.258,59.3,489639.2652545412,5511962.5925181685,489611.11977763043,5512015.712892384
36,3,2,0.0,0.0,0.0,0.0,489357.8995958957,5511864.233087387,489357.8995958957,5511864.233087387
36,4,17,808.5,144.84,1.094,20.1,489468.69902200956,5513252.214738142,489862.83108759683,5512714.270364838
36,5,8,717.7,96.16,0.734,26.9,490017.1493407046,5512613.3871029215,489862.83108759683,5512714.270364838
36,6,2,0.0,0.0,0.0,0.0,489357.8995958957,5511864.233087387,489357.8995958957,5511864.233087387
36,7,4,358.2,72.37,1.297,17.8,488669.5413519151,5513638.393961628,488905.5053744782,5513537.697186124
37,0,2,0.0,0.0,0.0,0.0,488835.3889673353,5511937.387367015,488835.3889673353,5511937.387367015
37,1,5,410.5,57.42,1.186,25.7,488617.2865644318,5513636.691549854,488905.5053744782,5513537.697186124
37,2,8,717.7,77.99,0.641,33.1,490017.1493407046,5512613.3871029215,489862.83108759683,5512714.270364838
37,3,4,358.2,62.02,1.362,20.8,488669.5413519151,5513638.393961628,488905.5053744782,5513537.697186124
37,4,5,410.5,87.67,1.186,16.9,488617.2865644318,5513636.691549854,488905.5053744782,5513537.697186124
37,5,2,0.0,0.0,0.0,0.0,489357.8995958957,5511864.233087387,489357.8995958957,5511864.233087387
37,6,2,60.1,3.74,0.655,57.9,489639.2652545412,5511962.5925181685,489611.11977763043,5512015.712892384
37,7,2,0.0,0.0,0.0,0.0,489357.8995958957,5511864.233087387,489357.8995958957,5511864.233087387
37,8,2,60.1,4.17,0.655,51.9,489639.2652545412,5511962.5925181685,489611.11977763043,5512015.712892384
37,9,2,60.1,4.9,0.655,44.2,489639.2652545412,5511962.5925181685,489611.11977763043,5512015.712892384
38,0,2,0.0,0.0,0.0,0.0,489357.8995958957,5511864.233087387,489357.8995958957,5511864.233087387
38,1,8,717.7,70.19,0.692,36.8,490017.1493407046,5512613.3871029215,489862.83108759683,5512714.270364838
38,2,5,410.5,60.7,1.199,24.3,488617.2865644318,5513636.691549854,488905.5053744782,5513537.697186124
38,3,5,88.6,11.1,0.202,28.7,489603.47737474774,5511951.632139955,489611.11977763043,5512015.712892384
38,4,2,0.0,0.0,0.0,0.0,489357.8995958957,5511864.233087387,489357.8995958957,5511864.233087387
38,5,2,0.0,0.0,0.0,0.0,488835.3889673353,5511937.387367015,488835.3889673353,5511937.387367015
38,6,4,358.2,64.85,1.4,19.9,488669.5413519151,5513638.393961628,488905.5053744782,5513537.697186124
38,7,4,358.2,81.15,1.4,15.9,488669.5413519151,5513638.393961628,488905.5053744782,5513537.697186124
38,8,21,980.7,124.96,0.666,28.3,489335.1256048606,5513360.688739832,489862.83108759683,5512714.270364838
39,0,4,358.2,52.82,1.035,24.4,488669.5413519151,5513638.393961628,488905.5053744782,5513537.697186124
39,1,8,717.7,72.35,0.901,35.7,490017.1493407046,5512613.3871029215,489862.83108759683,5512714.270364838
39,2,2,0.0,0.0,0.0,0.0,489357.8995958957,5511864.233087387,489357.8995958957,5511864.233087387
39,3,21,980.7,127.76,1.104,27.6,489335.1256048606,5513360.688739832,489862.83108759683,5512714.270364838
39,4,38,919.6,139.89,0.64,23.7,489490.83191282937,5513232.770646456,489862.83108759683,5512714.270364838
39,5,21,980.7,206.47,1.104,17.1,489335.1256048606,5513360.688739832,489862.83108759683,5512714.270364838
39,6,2,60.1,3.91,0.402,55.4,489639.2652545412,5511962.5925181685,489611.11977763043,5512015.712892384
40,0,4,358.2,40.69,0.815,31.7,488669.5413519151,5513638.393961628,488905.5053744782,5513537.697186124
40,1,8,717.7,86.91,0.92,29.7,490017.1493407046,5512613.3871029215,489862.83108759683,5512714.270364838
40,2,21,980.7,171.46,1.108,20.6,489335.1256048606,5513360.688739832,489862.83108759683,5512714.270364838
40,3,2,0.0,0.0,0.0,0.0,489357.8995958957,5511864.233087387,489357.8995958957,5511864.233087387
40,4,37,897.6,185.85,0.728,17.4,489506.40551119833,5513217.219580263,489862.83108759683,5512714.270364838
40,5,2,60.1,3.92,0.408,55.2,489639.2652545412,5511962.5925181685,489611.11977763043,5512015.712892384
40,6,18,612.0,124.11,0.213,17.8,488905.0044302181,5513065.758884441,488859.209428176,5512832.952139652
41,0,2,0.0,0.0,0.0,0.0,489357.8995958957,5511864.233087387,489357.8995958957,5511864.233087387
41,1,5,410.5,42.87,0.741,34.5,488617.2865644318,5513636.691549854,488905.5053744782,5513537.697186124
41,2,2,0.0,0.0,0.0,0.0,489357.8995958957,5511864.233087387,489357.8995958957,5511864.233087387
41,3,4,358.2,43.77,0.878,29.5,488669.5413519151,5513638.393961628,488905.5053744782,5513537.697186124
41,4,2,0.0,0.0,0.0,0.0,489357.8995958957,5511864.233087387,489357.8995958957,5511864.233087387
41,5,21,980.7,156.91,1.16,22.5,489335.1256048606,5513360.688739832,489862.83108759683,5512714.270364838
41,6,2,0.0,0.0,0.0,0.0,488835.3889673353,5511937.387367015,488835.3889673353,5511937.387367015
41,7,21,980.7,209.65,1.16,16.8,489335.1256048606,5513360.688739832,489862.83108759683,5512714.270364838
41,8,2,0.0,0.0,0.0,0.0,489357.8995958957,5511864.233087387,489357.8995958957,5511864.233087387
42,0,2,60.1,3.72,0.48,58.1,489639.2652545412,5511962.5925181685,489611.11977763043,5512015.712892384
42,1,5,410.5,44.57,0.786,33.2,488617.2865644318,5513636.691549854,488905.5053744782,5513537.697186124
42,2,2,0.0,0.0,0.0,0.0,489357.8995958957,5511864.233087387,489357.8995958957,5511864.233087387
42,3,2,60.1,4.14,0.48,52.3,489639.2652545412,5511962.5925181685,489611.11977763043,5512015.712892384
42,4,21,980.7,156.62,1.191,22.5,489335.1256048606,5513360.688739832,489862.83108759683,5512714.270364838
42,5,2,0.0,0.0,0.0,0.0,488905.5053744782,5513537.697186124,488905.5053744782,5513537.697186124
42,6,4,358.2,45.76,0.916,28.2,488669.5413519151,5513638.393961628,488905.5053744782,5513537.697186124
42,7,21,980.7,210.35,1.191,16.8,489335.1256048606,5513360.688739832,489862.83108759683,5512714.270364838
43,0,21,980.7,157.23,1.134,22.5,489335.1256048606,5513360.688739832,489862.83108759683,5512714.270364838
43,1,2,0.0,0.0,0.0,0.0,488835.3889673353,5511937.387367015,488835.3889673353,5511937.387367015
43,2,15,757.0,167.5,1.238,16.3,489506.40551119833,5513217.219580263,489862.83108759683,5512714.270364838
43,3,2,60.1,4.06,0.621,53.4,489639.2652545412,5511962.5925181685,489611.11977763043,5512015.712892384
43,4,2,60.1,4.73,0.621,45.8,489639.2652545412,5511962.5925181685,489611.11977763043,5512015.712892384
43,5,4,358.2,37.52,0.744,34.4,488669.5413519151,5513638.393961628,488905.5053744782,5513537.697186124
43,6,2,0.0,0.0,0.0,0.0,488835.3889673353,5511937.387367015,488835.3889673353,5511937.387367015
44,0,2,0.0,0.0,0.0,0.0,489357.8995958957,5511864.233087387,489357.8995958957,5511864.233087387
44,1,2,60.1,4.36,0.54,49.6,489639.2652545412,5511962.5925181685,489611.11977763043,5512015.712892384
44,2,4,358.2,33.64,0.835,38.3,488669.5413519151,5513638.393961628,488905.5053744782,5513537.697186124
44,3,5,410.5,49.38,0.712,29.9,488617.2865644318,5513636.691549854,488905.5053744782,5513537.697186124
44,4,8,717.7,75.0,0.679,34.4,490017.1493407046,5512613.3871029215,489862.83108759683,5512714.270364838
44,5,2,0.0,0.0,0.0,0.0,488905.5053744782,5513537.697186124,488905.5053744782,5513537.697186124
44,6,21,980.7,166.64,0.966,21.2,489335.1256048606,5513360.688739832,489862.83108759683,5512714.270364838
45,0,11,68.0,6.13,0.284,39.9,489878.3859119593,5512768.074769724,489862.83108759683,5512714.270364838
45,1,21,980.7,136.73,0.987,25.8,489335.1256048606,5513360.688739832,489862.83108759683,5512714.270364838
45,2,11,432.1,82.61,0.203,18.8,489187.5630011093,5512635.64036042,488918.4753544103,5512562.606148558
45,3,4,358.2,35.6,0.89,36.2,488669.5413519151,5513638.393961628,488905.5053744782,5513537.697186124
45,4,2,0.0,0.0,0.0,0.0,489357.8995958957,5511864.233087387,489357.8995958957,5511864.233087387
45,5,2,60.1,4.17,0.657,51.8,489639.2652545412,5511962.5925181685,489611.11977763043,5512015.712892384
45,6,14,696.9,136.13,1.12,18.4,489543.1665336083,5513169.685356457,489862.83108759683,5512714.270364838
45,7,4,358.2,44.38,0.89,29.1,488669.5413519151,5513638.393961628,488905.5053744782,5513537.697186124
45,8,2,60.1,4.91,0.657,44.1,489639.2652545412,5511962.5925181685,489611.11977763043,5512015.712892384
46,0,8,717.7,73.65,0.774,35.1,490017.1493407046,5512613.3871029215,489862.83108759683,5512714.270364838
46,1,8,717.7,90.4,0.774,28.6,490017.1493407046,5512613.3871029215,489862.83108759683,5512714.270364838
46,2,5,410.5,44.58,0.773,33.1,488617.2865644318,5513636.691549854,488905.5053744782,5513537.697186124
46,3,4,358.2,46.15,0.923,27.9,488669.5413519151,5513638.393961628,488905.5053744782,5513537.697186124
46,4,2,0.0,0.0,0.0,0.0,489357.8995958957,5511864.233087387,489357.8995958957,5511864.233087387
46,5,2,0.0,0.0,0.0,0.0,489357.8995958957,5511864.233087387,489357.8995958957,5511864.233087387
47,0,2,0.0,0.0,0.0,0.0,489357.8995958957,5511864.233087387,489357.8995958957,5511864.233087387
47,1,5,410.5,45.65,0.66,32.4,488617.2865644318,5513636.691549854,488905.5053744782,5513537.697186124
47,2,8,717.7,76.32,0.772,33.9,490017.1493407046,5512613.3871029215,489862.83108759683,5512714.270364838
47,3,2,0.0,0.0,0.0,0.0,489357.8995958957,5511864.233087387,489357.8995958957,5511864.233087387
47,4,2,60.1,3.91,0.57,55.4,489639.2652545412,5511962.5925181685,489611.11977763043,5512015.712892384
47,5,2,60.1,4.49,0.57,48.2,489639.2652545412,5511962.5925181685,489611.11977763043,5512015.712892384
47,6,21,980.7,131.45,0.685,26.9,489335.1256048606,5513360.688739832,489862.83108759683,5512714.270364838
47,7,2,0.0,0.0,0.0,0.0,489357.8995958957,5511864.233087387,489357.8995958957,5511864.233087387
48,0,2,60.1,4.24,0.509,51.0,489639.2652545412,5511962.5925181685,489611.11977763043,5512015.712892384
48,1,2,0.0,0.0,0.0,0.0,489357.8995958957,5511864.233087387,489357.8995958957,5511864.233087387
48,2,2,0.0,0.0,0.0,0.0,489357.8995958957,5511864.233087387,489357.8995958957,5511864.233087387
48,3,2,0.0,0.0,0.0,0.0,489357.8995958957,5511864.233087387,489357.8995958957,5511864.233087387
48,4,5,410.5,41.88,0.592,35.3,488617.2865644318,5513636.691549854,488905.5053744782,5513537.697186124
48,5,2,0.0,0.0,0.0,0.0,489357.8995958957,5511864.233087387,489357.8995958957,5511864.233087387
48,6,2,0.0,0.0,0.0,0.0,488905.5053744782,5513537.697186124,488905.5053744782,5513537.697186124
49,0,21,980.7,99.02,0.927,35.7,489335.1256048606,5513360.688739832,489862.83108759683,5512714.270364838
49,1,2,60.1,4.11,0.638,52.6,489639.2652545412,5511962.5925181685,489611.11977763043,5512015.712892384
49,2,5,410.5,40.04,0.747,36.9,488617.2865644318,5513636.691549854,488905.5053744782,5513537.697186124
49,3,16,779.0,100.84,1.008,27.8,489490.83191282937,5513232.770646456,489862.83108759683,5512714.270364838
49,4,21,980.7,157.35,0.927,22.4,489335.1256048606,5513360.688739832,489862.83108759683,5512714.270364838
49,5,2,60.1,4.81,0.638,45.0,489639.2652545412,5511962.5925181685,489611.11977763043,5512015.712892384
49,6,5,410.5,48.77,0.747,30.3,488617.2865644318,5513636.691549854,488905.5053744782,5513537.697186124
50,0,21,980.7,132.29,1.286,26.7,489335.1256048606,5513360.688739832,489862.83108759683,5512714.270364838
50,1,5,410.5,43.58,0.935,33.9,488617.2865644318,5513636.691549854,488905.5053744782,5513537.697186124
50,2,21,980.7,176.84,1.286,20.0,489335.1256048606,5513360.688739832,489862.83108759683,5512714.270364838
50,3,4,358.2,42.53,1.048,30.3,488669.5413519151,5513638.393961628,488905.5053744782,5513537.697186124
50,4,2,0.0,0.0,0.0,0.0,489357.8995958957,5511864.233087387,489357.8995958957,5511864.233087387
50,5,2,0.0,0.0,0.0,0.0,489357.8995958957,5511864.233087387,489357.8995958957,5511864.233087387
50,6,43,1121.3,234.53,0.726,17.2,489335.1256048606,5513360.688739832,489862.83108759683,5512714.270364838
50,7,4,358.2,53.64,1.048,24.0,488669.5413519151,5513638.393961628,488905.5053744782,5513537.697186124
51,0,8,717.7,76.87,0.695,33.6,490017.1493407046,5512613.3871029215,489862.83108759683,5512714.270364838
51,1,21,474.4,46.89,0.199,36.4,488516.41329422256,5512654.168715856,488918.4753544103,5512562.606148558
51,2,2,0.0,0.0,0.0,0.0,489357.8995958957,5511864.233087387,489357.8995958957,5511864.233087387
51,3,2,60.1,3.89,0.397,55.6,489639.2652545412,5511962.5925181685,489611.11977763043,5512015.712892384
51,4,4,358.2,41.05,0.823,31.4,488669.5413519151,5513638.393961628,488905.5053744782,5513537.697186124
51,5,17,808.5,154.82,1.084,18.8,489468.69902200956,5513252.214738142,489862.83108759683,5512714.270364838
52,0,21,980.7,140.51,1.334,25.1,489335.1256048606,5513360.688739832,489862.83108759683,5512714.270364838
52,1,21,980.7,188.2,1.334,18.8,489335.1256048606,5513360.688739832,489862.83108759683,5512714.270364838
52,2,2,0.0,0.0,0.0,0.0,489357.8995958957,5511864.233087387,489357.8995958957,5511864.233087387
52,3,5,410.5,43.38,0.816,34.1,488617.2865644318,5513636.691549854,488905.5053744782,5513537.697186124
52,4,2,0.0,0.0,0.0,0.0,488905.5053744782,5513537.697186124,488905.5053744782,5513537.697186124
52,5,5,410.5,53.48,0.816,27.6,488617.2865644318,5513636.691549854,488905.5053744782,5513537.697186124
52,6,43,1121.3,248.81,0.794,16.2,489335.1256048606,5513360.688739832,489862.83108759683,5512714.270364838
53,0,8,717.7,79.66,0.622,32.4,490017.1493407046,5512613.3871029215,489862.83108759683,5512714.270364838
53,1,5,410.5,45.78,1.273,32.3,488617.2865644318,5513636.691549854,488905.5053744782,5513537.697186124
53,2,5,410.5,57.1,1.273,25.9,488617.2865644318,5513636.691549854,488905.5053744782,5513537.697186124
53,3,2,0.0,0.0,0.0,0.0,489357.8995958957,5511864.233087387,489357.8995958957,5511864.233087387
53,4,2,60.1,3.72,0.476,58.2,489639.2652545412,5511962.5925181685,489611.11977763043,5512015.712892384
53,5,2,60.1,4.12,0.476,52.5,489639.2652545412,5511962.5925181685,489611.11977763043,5512015.712892384
53,6,5,410.5,72.18,1.273,20.5,488617.2865644318,5513636.691549854,488905.5053744782,5513537.697186124
53,7,5,410.5,91.02,1.273,16.2,488617.2865644318,5513636.691549854,488905.5053744782,5513537.697186124
53,8,2,0.0,0.0,0.0,0.0,488905.5053744782,5513537.697186124,488905.5053744782,5513537.697186124
54,0,5,410.5,62.44,1.301,23.7,488617.2865644318,5513636.691549854,488905.5053744782,5513537.697186124
54,1,5,410.5,79.0,1.301,18.7,488617.2865644318,5513636.691549854,488905.5053744782,5513537.697186124
54,2,2,0.0,0.0,0.0,0.0,489357.8995958957,5511864.233087387,489357.8995958957,5511864.233087387
54,3,21,980.7,124.39,0.998,28.4,489335.1256048606,5513360.688739832,489862.83108759683,5512714.270364838
54,4,2,0.0,0.0,0.0,0.0,489357.8995958957,5511864.233087387,489357.8995958957,5511864.233087387
54,5,2,60.1,4.05,0.452,53.5,489639.2652545412,5511962.5925181685,489611.11977763043,5512015.712892384
54,6,21,980.7,165.49,0.998,21.3,489335.1256048606,5513360.688739832,489862.83108759683,5512714.270364838
54,7,2,0.0,0.0,0.0,0.0,489357.8995958957,5511864.233087387,489357.8995958957,5511864.233087387
54,8,4,358.2,78.1,1.368,16.5,488669.5413519151,5513638.393961628,488905.5053744782,5513537.697186124
55,0,2,0.0,0.0,0.0,0.0,489357.8995958957,5511864.233087387,489357.8995958957,5511864.233087387
55,1,5,410.5,64.01,0.977,23.1,488617.2865644318,5513636.691549854,488905.5053744782,5513537.697186124
55,2,4,92.4,6.05,0.167,55.0,489518.7301480187,5512016.247011467,489611.11977763043,5512015.712892384
55,3,15,757.0,106.91,1.106,25.5,489506.40551119833,5513217.219580263,489862.83108759683,5512714.270364838
55,4,2,0.0,0.0,0.0,0.0,489357.8995958957,5511864.233087387,489357.8995958957,5511864.233087387
55,5,2,0.0,0.0,0.0,0.0,489357.8995958957,5511864.233087387,489357.8995958957,5511864.233087387
55,6,17,808.5,150.34,1.073,19.4,489468.69902200956,5513252.214738142,489862.83108759683,5512714.270364838
56,0,2,0.0,0.0,0.0,0.0,489357.8995958957,5511864.233087387,489357.8995958957,5511864.233087387
56,1,11,286.4,33.39,0.233,30.9,489375.8706610732,5512418.031517273,489588.67131324,5512375.202122719
56,2,17,152.0,13.72,0.295,39.9,489795.81261454814,5512769.964457472,489862.83108759683,5512714.270364838
56,3,2,60.1,3.75,0.33,57.7,489639.2652545412,5511962.5925181685,489611.11977763043,5512015.712892384
56,4,4,358.2,40.12,0.804,32.1,488669.5413519151,5513638.393961628,488905.5053744782,5513537.697186124
56,5,8,644.3,79.7,0.21,29.1,489210.5129201945,5512407.819162987,489357.8995958957,5511864.233087387
56,6,2,0.0,0.0,0.0,0.0,489357.8995958957,5511864.233087387,489357.8995958957,5511864.233087387
57,0,8,717.7,60.98,0.404,42.4,490017.1493407046,5512613.3871029215,489862.83108759683,5512714.270364838
57,1,2,0.0,0.0,0.0,0.0,489357.8995958957,5511864.233087387,489357.8995958957,5511864.233087387
57,2,4,358.2,34.89,0.871,37.0,488669.5413519151,5513638.393961628,488905.5053744782,5513537.697186124
57,3,4,358.2,43.4,0.871,29.7,488669.5413519151,5513638.393961628,488905.5053744782,5513537.697186124
57,4,2,60.1,3.82,0.531,56.7,489639.2652545412,5511962.5925181685,489611.11977763043,5512015.712892384
57,5,11,68.0,6.41,0.427,38.2,489878.3859119593,5512768.074769724,489862.83108759683,5512714.270364838
57,6,2,60.1,4.33,0.531,50.0,489639.2652545412,5511962.5925181685,489611.11977763043,5512015.712892384
58,0,2,0.0,0.0,0.0,0.0,489357.8995958957,5511864.233087387,489357.8995958957,5511864.233087387
58,1,5,410.5,44.34,1.172,33.3,488617.2865644318,5513636.691549854,488905.5053744782,5513537.697186124
58,2,5,410.5,54.74,1.172,27.0,488617.2865644318,5513636.691549854,488905.5053744782,5513537.697186124
58,3,21,980.7,97.7,0.479,36.1,489335.1256048606,5513360.688739832,489862.83108759683,5512714.270364838
58,4,2,0.0,0.0,0.0,0.0,489357.8995958957,5511864.233087387,489357.8995958957,5511864.233087387
58,5,5,410.5,68.89,1.172,21.5,488617.2865644318,5513636.691549854,488905.5053744782,5513537.697186124
58,6,4,358.2,72.29,1.3,17.8,488669.5413519151,5513638.393961628,488905.5053744782,5513537.697186124
58,7,11,68.0,6.73,0.506,36.4,489878.3859119593,5512768.074769724,489862.83108759683,5512714.270364838
59,0,2,0.0,0.0,0.0,0.0,489357.8995958957,5511864.233087387,489357.8995958957,5511864.233087387
59,1,5,410.5,59.14,1.095,25.0,488617.2865644318,5513636.691549854,488905.5053744782,5513537.697186124
59,2,5,410.5,74.6,1.095,19.8,488617.2865644318,5513636.691549854,488905.5053744782,5513537.697186124
59,3,2,60.1,3.8,0.358,56.9,489639.2652545412,5511962.5925181685,489611.11977763043,5512015.712892384
59,4,2,0.0,0.0,0.0,0.0,489357.8995958957,5511864.233087387,489357.8995958957,5511864.233087387
59,5,21,980.7,100.29,0.535,35.2,489335.1256048606,5513360.688739832,489862.83108759683,5512714.270364838
59,6,2,0.0,0.0,0.0,0.0,489357.8995958957,5511864.233087387,489357.8995958957,5511864.233087387
60,0,21,980.7,102.31,1.249,34.5,489335.1256048606,5513360.688739832,489862.83108759683,5512714.270364838
60,1,21,980.7,131.12,1.249,26.9,489335.1256048606,5513360.688739832,489862.83108759683,5512714.270364838
60,2,2,0.0,0.0,0.0,0.0,489357.8995958957,5511864.233087387,489357.8995958957,5511864.233087387
60,3,4,358.2,44.69,1.285,28.9,488669.5413519151,5513638.393961628,488905.5053744782,5513537.697186124
60,4,21,980.7,175.71,1.249,20.1,489335.1256048606,5513360.688739832,489862.83108759683,5512714.270364838
60,5,39,949.1,195.54,0.725,17.5,489468.69902200956,5513252.214738142,489862.83108759683,5512714.270364838
60,6,4,358.2,56.42,1.285,22.9,488669.5413519151,5513638.393961628,488905.5053744782,5513537.697186124
60,7,4,358.2,71.0,1.285,18.2,488669.5413519151,5513638.393961628,488905.5053744782,5513537.697186124
61,0,16,779.0,132.19,1.078,21.2,489490.83191282937,5513232.770646456,489862.83108759683,5512714.270364838
61,1,2,0.0,0.0,0.0,0.0,489357.8995958957,5511864.233087387,489357.8995958957,5511864.233087387
61,2,5,410.5,57.19,0.998,25.8,488617.2865644318,5513636.691549854,488905.5053744782,5513537.697186124
61,3,2,60.1,3.7,0.462,58.5,489639.2652545412,5511962.5925181685,489611.11977763043,5512015.712892384
61,4,2,0.0,0.0,0.0,0.0,489357.8995958957,5511864.233087387,489357.8995958957,5511864.233087387
61,5,4,358.2,61.3,1.16,21.0,488669.5413519151,5513638.393961628,488905.5053744782,5513537.697186124
61,6,8,717.7,88.25,0.657,29.3,490017.1493407046,5512613.3871029215,489862.83108759683,5512714.270364838
61,7,2,60.1,4.08,0.462,53.1,489639.2652545412,5511962.5925181685,489611.11977763043,5512015.712892384
61,8,2,0.0,0.0,0.0,0.0,489357.8995958957,5511864.233087387,489357.8995958957,5511864.233087387
62,0,4,358.2,44.4,1.085,29.0,488669.5413519151,5513638.393961628,488905.5053744782,5513537.697186124
62,1,2,0.0,0.0,0.0,0.0,489357.8995958957,5511864.233087387,489357.8995958957,5511864.233087387
62,2,5,410.5,64.64,0.941,22.9,488617.2865644318,5513636.691549854,488905.5053744782,5513537.697186124
62,3,15,757.0,112.09,0.895,24.3,489506.40551119833,5513217.219580263,489862.83108759683,5512714.270364838
63,0,2,60.1,3.76,0.666,57.6,489639.2652545412,5511962.5925181685,489611.11977763043,5512015.712892384
63,1,4,358.2,42.11,1.04,30.6,488669.5413519151,5513638.393961628,488905.5053744782,5513537.697186124
63,2,21,980.7,119.76,1.196,29.5,489335.1256048606,5513360.688739832,489862.83108759683,5512714.270364838
63,3,4,358.2,53.09,1.04,24.3,488669.5413519151,5513638.393961628,488905.5053744782,5513537.697186124
63,4,21,980.7,157.93,1.196,22.4,489335.1256048606,5513360.688739832,489862.83108759683,5512714.270364838
63,5,21,980.7,211.87,1.196,16.7,489335.1256048606,5513360.688739832,489862.83108759683,5512714.270364838
63,6,2,0.0,0.0,0.0,0.0,489357.8995958957,5511864.233087387,489357.8995958957,5511864.233087387
63,7,2,0.0,0.0,0.0,0.0,489357.8995958957,5511864.233087387,489357.8995958957,5511864.233087387
63,8,2,60.1,4.21,0.666,51.4,489639.2652545412,5511962.5925181685,489611.11977763043,5512015.712892384
63,9,2,60.1,4.96,0.666,43.7,489639.2652545412,5511962.5925181685,489611.11977763043,5512015.712892384
64,0,5,314.2,24.8,0.219,45.6,488631.179047366,5512022.554642968,488835.3889673353,5511937.387367015
64,1,8,717.7,75.82,0.681,34.1,490017.1493407046,5512613.3871029215,489862.83108759683,5512714.270364838
64,2,2,0.0,0.0,0.0,0.0,489357.8995958957,5511864.233087387,489357.8995958957,5511864.233087387
64,3,2,0.0,0.0,0.0,0.0,489357.8995958957,5511864.233087387,489357.8995958957,5511864.233087387
64,4,2,60.1,4.47,0.733,48.4,489639.2652545412,5511962.5925181685,489611.11977763043,5512015.712892384
64,5,21,980.7,172.41,1.002,20.5,489335.1256048606,5513360.688739832,489862.83108759683,5512714.270364838
64,6,2,60.1,5.34,0.733,40.5,489639.2652545412,5511962.5925181685,489611.11977763043,5512015.712892384
64,7,2,0.0,0.0,0.0,0.0,489357.8995958957,5511864.233087387,489357.8995958957,5511864.233087387
64,8,2,0.0,0.0,0.0,0.0,489357.8995958957,5511864.233087387,489357.8995958957,5511864.233087387
65,0,8,717.7,75.25,0.716,34.3,490017.1493407046,5512613.3871029215,489862.83108759683,5512714.270364838
65,1,2,0.0,0.0,0.0,0.0,489357.8995958957,5511864.233087387,489357.8995958957,5511864.233087387
65,2,2,0.0,0.0,0.0,0.0,489357.8995958957,5511864.233087387,489357.8995958957,5511864.233087387
65,3,4,358.2,31.4,0.569,41.1,488669.5413519151,5513638.393961628,488905.5053744782,5513537.697186124
65,4,21,980.7,153.68,0.886,23.0,489335.1256048606,5513360.688739832,489862.83108759683,5512714.270364838
65,5,2,0.0,0.0,0.0,0.0,489357.8995958957,5511864.233087387,489357.8995958957,5511864.233087387
66,0,5,410.5,38.09,0.614,38.8,488617.2865644318,5513636.691549854,488905.5053744782,5513537.697186124
66,1,2,60.1,3.98,0.431,54.3,489639.2652545412,5511962.5925181685,489611.11977763043,5512015.712892384
66,2,4,358.2,36.95,0.73,34.9,488669.5413519151,5513638.393961628,488905.5053744782,5513537.697186124
66,3,2,0.0,0.0,0.0,0.0,489357.8995958957,5511864.233087387,489357.8995958957,5511864.233087387
66,4,17,808.5,110.13,1.046,26.4,489468.69902200956,5513252.214738142,489862.83108759683,5512714.270364838
66,5,2,0.0,0.0,0.0,0.0,489357.8995958957,5511864.233087387,489357.8995958957,5511864.233087387
66,6,21,980.7,167.15,0.977,21.1,489335.1256048606,5513360.688739832,489862.83108759683,5512714.270364838
67,0,8,717.7,73.75,0.93,35.0,490017.1493407046,5512613.3871029215,489862.83108759683,5512714.270364838
67,1,21,980.7,150.69,1.131,23.4,489335.1256048606,5513360.688739832,489862.83108759683,5512714.270364838
67,2,43,1121.3,197.36,0.788,20.5,489335.1256048606,5513360.688739832,489862.83108759683,5512714.270364838
67,3,5,410.5,41.18,0.76,35.9,488617.2865644318,5513636.691549854,488905.5053744782,5513537.697186124
67,4,5,410.5,50.21,0.76,29.4,488617.2865644318,5513636.691549854,488905.5053744782,5513537.697186124
67,5,30,858.3,121.24,0.585,25.5,490017.1493407046,5512613.3871029215,489862.83108759683,5512714.270364838
68,0,2,60.1,3.74,0.655,57.9,489639.2652545412,5511962.5925181685,489611.11977763043,5512015.712892384
68,1,15,757.0,126.02,0.965,21.6,489506.40551119833,5513217.219580263,489862.83108759683,5512714.270364838
68,2,2,60.1,4.17,0.655,51.9,489639.2652545412,5511962.5925181685,489611.11977763043,5512015.712892384
68,3,2,60.1,4.9,0.655,44.2,489639.2652545412,5511962.5925181685,489611.11977763043,5512015.712892384
68,4,5,410.5,44.21,1.139,33.4,488617.2865644318,5513636.691549854,488905.5053744782,5513537.697186124
68,5,2,0.0,0.0,0.0,0.0,489357.8995958957,5511864.233087387,489357.8995958957,5511864.233087387
68,6,5,410.5,54.89,1.139,26.9,488617.2865644318,5513636.691549854,488905.5053744782,5513537.697186124
68,7,4,358.2,55.69,1.274,23.2,488669.5413519151,5513638.393961628,488905.5053744782,5513537.697186124
68,8,2,0.0,0.0,0.0,0.0,489357.8995958957,5511864.233087387,489357.8995958957,5511864.233087387
68,9,4,358.2,70.11,1.274,18.4,488669.5413519151,5513638.393961628,488905.5053744782,5513537.697186124
69,0,21,980.7,128.0,1.451,27.6,489335.1256048606,5513360.688739832,489862.83108759683,5512714.270364838
69,1,21,980.7,170.17,1.451,20.7,489335.1256048606,5513360.688739832,489862.83108759683,5512714.270364838
69,2,16,779.0,190.77,1.57,14.7,489490.83191282937,5513232.770646456,489862.83108759683,5512714.270364838
69,3,4,358.2,48.17,1.153,26.8,488669.5413519151,5513638.393961628,488905.5053744782,5513537.697186124
69,4,5,410.5,70.55,1.025,20.9,488617.2865644318,5513636.691549854,488905.5053744782,5513537.697186124
69,5,43,1121.3,283.54,1.033,14.2,489335.1256048606,5513360.688739832,489862.83108759683,5512714.270364838
69,6,30,858.3,140.43,0.726,22.0,490017.1493407046,5512613.3871029215,489862.83108759683,5512714.270364838
70,0,2,0.0,0.0,0.0,0.0,489357.8995958957,5511864.233087387,489357.8995958957,5511864.233087387
70,1,21,980.7,195.78,1.6,18.0,489335.1256048606,5513360.688739832,489862.83108759683,5512714.270364838
70,2,2,0.0,0.0,0.0,0.0,489357.8995958957,5511864.233087387,489357.8995958957,5511864.233087387
70,3,21,980.7,260.82,1.6,13.5,489335.1256048606,5513360.688739832,489862.83108759683,5512714.270364838
70,4,43,1121.3,341.54,1.092,11.8,489335.1256048606,5513360.688739832,489862.83108759683,5512714.270364838
70,5,2,60.1,3.91,0.402,55.4,489639.2652545412,5511962.5925181685,489611.11977763043,5512015.712892384
70,6,5,410.5,53.39,0.957,27.7,488617.2865644318,5513636.691549854,488905.5053744782,5513537.697186124
70,7,2,0.0,0.0,0.0,0.0,489357.8995958957,5511864.233087387,489357.8995958957,5511864.233087387
70,8,4,358.2,55.78,1.081,23.1,488669.5413519151,5513638.393961628,488905.5053744782,5513537.697186124
71,0,4,358.2,41.99,1.232,30.7,488669.5413519151,5513638.393961628,488905.5053744782,5513537.697186124
71,1,2,60.1,3.92,0.408,55.2,489639.2652545412,5511962.5925181685,489611.11977763043,5512015.712892384
71,2,2,0.0,0.0,0.0,0.0,489357.8995958957,5511864.233087387,489357.8995958957,5511864.233087387
71,3,5,410.5,61.86,1.062,23.9,488617.2865644318,5513636.691549854,488905.5053744782,5513537.697186124
71,4,4,358.2,66.75,1.232,19.3,488669.5413519151,5513638.393961628,488905.5053744782,5513537.697186124
71,5,8,717.7,91.08,0.823,28.4,490017.1493407046,5512613.3871029215,489862.83108759683,5512714.270364838
71,6,21,980.7,229.77,1.245,15.4,489335.1256048606,5513360.688739832,489862.83108759683,5512714.270364838
71,7,2,0.0,0.0,0.0,0.0,489357.8995958957,5511864.233087387,489357.8995958957,5511864.233087387
72,0,5,410.5,55.5,1.32,26.6,488617.2865644318,5513636.691549854,488905.5053744782,5513537.697186124
72,1,8,717.7,83.84,0.966,30.8,490017.1493407046,5512613.3871029215,489862.83108759683,5512714.270364838
72,2,2,0.0,0.0,0.0,0.0,489357.8995958957,5511864.233087387,489357.8995958957,5511864.233087387
72,3,4,358.2,59.02,1.517,21.8,488669.5413519151,5513638.393961628,488905.5053744782,5513537.697186124
72,4,5,410.5,84.86,1.32,17.4,488617.2865644318,5513636.691549854,488905.5053744782,5513537.697186124
72,5,4,358.2,92.14,1.517,14.0,488669.5413519151,5513638.393961628,488905.5053744782,5513537.697186124
72,6,21,474.4,46.89,0.197,36.4,488516.41329422256,5512654.168715856,488918.4753544103,5512562.606148558
72,7,8,717.7,104.79,0.966,24.7,490017.1493407046,5512613.3871029215,489862.83108759683,5512714.270364838
72,8,36,837.5,156.51,0.702,19.3,489543.1665336083,5513169.685356457,489862.83108759683,5512714.270364838
73,0,8,717.7,89.08,1.159,29.0,490017.1493407046,5512613.3871029215,489862.83108759683,5512714.270364838
73,1,8,717.7,112.88,1.159,22.9,490017.1493407046,5512613.3871029215,489862.83108759683,5512714.270364838
73,2,2,60.1,3.72,0.48,58.1,489639.2652545412,5511962.5925181685,489611.11977763043,5512015.712892384
73,3,43,1121.3,180.5,0.768,22.4,489335.1256048606,5513360.688739832,489862.83108759683,5512714.270364838
73,4,5,410.5,67.09,1.184,22.0,488617.2865644318,5513636.691549854,488905.5053744782,5513537.697186124
73,5,2,60.1,4.14,0.48,52.3,489639.2652545412,5511962.5925181685,489611.11977763043,5512015.712892384
73,6,15,757.0,197.24,1.242,13.8,489506.40551119833,5513217.219580263,489862.83108759683,5512714.270364838
73,7,5,410.5,84.31,1.184,17.5,488617.2865644318,5513636.691549854,488905.5053744782,5513537.697186124
73,8,2,0.0,0.0,0.0,0.0,489357.8995958957,5511864.233087387,489357.8995958957,5511864.233087387
74,0,2,60.1,4.06,0.455,53.4,489639.2652545412,5511962.5925181685,489611.11977763043,5512015.712892384
74,1,2,0.0,0.0,0.0,0.0,489357.8995958957,5511864.233087387,489357.8995958957,5511864.233087387
74,2,15,757.0,135.58,1.045,20.1,489506.40551119833,5513217.219580263,489862.83108759683,5512714.270364838
74,3,5,410.5,59.44,1.052,24.9,488617.2865644318,5513636.691549854,488905.5053744782,5513537.697186124
74,4,2,0.0,0.0,0.0,0.0,489357.8995958957,5511864.233087387,489357.8995958957,5511864.233087387
74,5,4,358.2,61.92,1.168,20.8,488669.5413519151,5513638.393961628,488905.5053744782,5513537.697186124
74,6,8,717.7,122.24,1.003,21.1,490017.1493407046,5512613.3871029215,489862.83108759683,5512714.270364838
74,7,2,0.0,0.0,0.0,0.0,489357.8995958957,5511864.233087387,489357.8995958957,5511864.233087387
75,0,2,60.1,4.01,0.44,54.0,489639.2652545412,5511962.5925181685,489611.11977763043,5512015.712892384
75,1,6,243.0,18.54,0.183,47.2,489475.6250078953,5511909.17517744,489611.11977763043,5512015.712892384
75,2,4,358.2,44.67,0.895,28.9,488669.5413519151,5513638.393961628,488905.5053744782,5513537.697186124
75,3,21,980.7,138.56,1.029,25.5,489335.1256048606,5513360.688739832,489862.83108759683,5512714.270364838
75,4,21,980.7,182.61,1.029,19.3,489335.1256048606,5513360.688739832,489862.83108759683,5512714.270364838
75,5,2,0.0,0.0,0.0,0.0,489357.8995958957,5511864.233087387,489357.8995958957,5511864.233087387
75,6,30,858.3,123.74,0.544,25.0,490017.1493407046,5512613.3871029215,489862.83108759683,5512714.270364838
75,7,2,0.0,0.0,0.0,0.0,489357.8995958957,5511864.233087387,489357.8995958957,5511864.233087387
76,0,2,0.0,0.0,0.0,0.0,489357.8995958957,5511864.233087387,489357.8995958957,5511864.233087387
76,1,4,358.2,37.01,0.926,34.8,488669.5413519151,5513638.393961628,488905.5053744782,5513537.697186124
76,2,2,0.0,0.0,0.0,0.0,489357.8995958957,5511864.233087387,489357.8995958957,5511864.233087387
76,3,2,60.1,3.98,0.43,54.3,489639.2652545412,5511962.5925181685,489611.11977763043,5512015.712892384
76,4,8,717.7,90.43,0.896,28.6,490017.1493407046,5512613.3871029215,489862.83108759683,5512714.270364838
76,5,2,0.0,0.0,0.0,0.0,489357.8995958957,5511864.233087387,489357.8995958957,5511864.233087387
76,6,2,0.0,0.0,0.0,0.0,488905.5053744782,5513537.697186124,488905.5053744782,5513537.697186124
76,7,21,980.7,167.1,0.902,21.1,489335.1256048606,5513360.688739832,489862.83108759683,5512714.270364838
76,8,4,358.2,46.33,0.926,27.8,488669.5413519151,5513638.393961628,488905.5053744782,5513537.697186124
76,9,2,0.0,0.0,0.0,0.0,489357.8995958957,5511864.233087387,489357.8995958957,5511864.233087387
77,0,2,60.1,3.97,0.592,54.5,489639.2652545412,5511962.5925181685,489611.11977763043,5512015.712892384
77,1,4,358.2,37.77,1.333,34.1,488669.5413519151,5513638.393961628,488905.5053744782,5513537.697186124
77,2,2,0.0,0.0,0.0,0.0,489357.8995958957,5511864.233087387,489357.8995958957,5511864.233087387
77,3,4,358.2,47.36,1.333,27.2,488669.5413519151,5513638.393961628,488905.5053744782,5513537.697186124
77,4,4,358.2,59.8,1.333,21.6,488669.5413519151,5513638.393961628,488905.5053744782,5513537.697186124
77,5,2,0.0,0.0,0.0,0.0,489357.8995958957,5511864.233087387,489357.8995958957,5511864.233087387
77,6,2,60.1,4.58,0.592,47.2,489639.2652545412,5511962.5925181685,489611.11977763043,5512015.712892384
77,7,4,358.2,75.1,1.333,17.2,488669.5413519151,5513638.393961628,488905.5053744782,5513537.697186124
78,0,21,980.7,105.47,0.61,33.5,489335.1256048606,5513360.688739832,489862.83108759683,5512714.270364838
78,1,2,0.0,0.0,0.0,0.0,489357.8995958957,5511864.233087387,489357.8995958957,5511864.233087387
78,2,5,410.5,57.9,0.819,25.5,488617.2865644318,5513636.691549854,488905.5053744782,5513537.697186124
78,3,8,717.7,75.71,0.63,34.1,490017.1493407046,5512613.3871029215,489862.83108759683,5512714.270364838
78,4,2,60.1,4.29,0.522,50.5,489639.2652545412,5511962.5925181685,489611.11977763043,5512015.712892384
78,5,2,0.0,0.0,0.0,0.0,489357.8995958957,5511864.233087387,489357.8995958957,5511864.233087387
79,0,2,60.1,4.14,0.48,52.3,489639.2652545412,5511962.5925181685,489611.11977763043,5512015.712892384
79,1,2,0.0,0.0,0.0,0.0,489357.8995958957,5511864.233087387,489357.8995958957,5511864.233087387
79,2,11,68.0,6.15,0.308,39.8,489878.3859119593,5512768.074769724,489862.83108759683,5512714.270364838
79,3,2,0.0,0.0,0.0,0.0,489357.8995958957,5511864.233087387,489357.8995958957,5511864.233087387
79,4,2,0.0,0.0,0.0,0.0,489357.8995958957,5511864.233087387,489357.8995958957,5511864.233087387
79,5,21,980.7,110.36,0.613,32.0,489335.1256048606,5513360.688739832,489862.83108759683,5512714.270364838
79,6,2,0.0,0.0,0.0,0.0,489357.8995958957,5511864.233087387,489357.8995958957,5511864.233087387
80,0,21,980.7,108.1,0.851,32.7,489335.1256048606,5513360.688739832,489862.83108759683,5512714.270364838
80,1,2,0.0,0.0,0.0,0.0,489357.8995958957,5511864.233087387,489357.8995958957,5511864.233087387
80,2,8,717.7,74.33,0.706,34.8,490017.1493407046,5512613.3871029215,489862.83108759683,5512714.270364838
80,3,17,808.5,131.1,0.918,22.2,489468.69902200956,5513252.214738142,489862.83108759683,5512714.270364838
80,4,4,358.2,30.95,0.552,41.7,488669.5413519151,5513638.393961628,488905.5053744782,5513537.697186124
80,5,5,88.6,11.1,0.195,28.7,489603.47737474774,5511951.632139955,489611.11977763043,5512015.712892384
80,6,2,0.0,0.0,0.0,0.0,489357.8995958957,5511864.233087387,489357.8995958957,5511864.233087387
81,0,2,0.0,0.0,0.0,0.0,489357.8995958957,5511864.233087387,489357.8995958957,5511864.233087387
81,1,21,980.7,127.86,0.795,27.6,489335.1256048606,5513360.688739832,489862.83108759683,5512714.270364838
81,2,2,0.0,0.0,0.0,0.0,489357.8995958957,5511864.233087387,489357.8995958957,5511864.233087387
81,3,4,358.2,30.26,0.72,42.6,488669.5413519151,5513638.393961628,488905.5053744782,5513537.697186124
81,4,2,0.0,0.0,0.0,0.0,488905.5053744782,5513537.697186124,488905.5053744782,5513537.697186124
81,5,2,0.0,0.0,0.0,0.0,489357.8995958957,5511864.233087387,489357.8995958957,5511864.233087387
81,6,5,410.5,44.13,0.606,33.5,488617.2865644318,5513636.691549854,488905.5053744782,5513537.697186124
81,7,8,717.7,88.46,0.731,29.2,490017.1493407046,5512613.3871029215,489862.83108759683,5512714.270364838
81,8,2,0.0,0.0,0.0,0.0,489357.8995958957,5511864.233087387,489357.8995958957,5511864.233087387
82,0,2,60.1,3.67,0.437,59.0,489639.2652545412,5511962.5925181685,489611.11977763043,5512015.712892384
82,1,2,60.1,4.0,0.437,54.1,489639.2652545412,5511962.5925181685,489611.11977763043,5512015.712892384
82,2,2,0.0,0.0,0.0,0.0,489357.8995958957,5511864.233087387,489357.8995958957,5511864.233087387
82,3,4,358.2,33.17,1.016,38.9,488669.5413519151,5513638.393961628,488905.5053744782,5513537.697186124
82,4,4,358.2,40.94,1.016,31.5,488669.5413519151,5513638.393961628,488905.5053744782,5513537.697186124
82,5,21,980.7,124.01,0.725,28.5,489335.1256048606,5513360.688739832,489862.83108759683,5512714.270364838
82,6,4,358.2,51.57,1.016,25.0,488669.5413519151,5513638.393961628,488905.5053744782,5513537.697186124
83,0,2,60.1,3.98,0.762,54.4,489639.2652545412,5511962.5925181685,489611.11977763043,5512015.712892384
83,1,5,410.5,47.76,0.872,30.9,488617.2865644318,5513636.691549854,488905.5053744782,5513537.697186124
83,2,15,757.0,91.15,0.703,29.9,489506.40551119833,5513217.219580263,489862.83108759683,5512714.270364838
83,3,2,60.1,4.6,0.762,47.0,489639.2652545412,5511962.5925181685,489611.11977763043,5512015.712892384
83,4,5,410.5,59.02,0.872,25.0,488617.2865644318,5513636.691549854,488905.5053744782,5513537.697186124
83,5,2,0.0,0.0,0.0,0.0,489357.8995958957,5511864.233087387,489357.8995958957,5511864.233087387
83,6,2,60.1,5.53,0.762,39.2,489639.2652545412,5511962.5925181685,489611.11977763043,5512015.712892384
84,0,4,358.2,39.66,0.988,32.5,488669.5413519151,5513638.393961628,488905.5053744782,5513537.697186124
84,1,5,410.5,58.4,0.865,25.3,488617.2865644318,5513636.691549854,488905.5053744782,5513537.697186124
84,2,2,0.0,0.0,0.0,0.0,489357.8995958957,5511864.233087387,489357.8995958957,5511864.233087387
84,3,2,60.1,4.74,0.791,45.7,489639.2652545412,5511962.5925181685,489611.11977763043,5512015.712892384
84,4,21,980.7,108.6,0.859,32.5,489335.1256048606,5513360.688739832,489862.83108759683,5512714.270364838
84,5,2,0.0,0.0,0.0,0.0,489357.8995958957,5511864.233087387,489357.8995958957,5511864.233087387
84,6,2,60.1,5.71,0.791,37.9,489639.2652545412,5511962.5925181685,489611.11977763043,5512015.712892384
84,7,21,980.7,140.99,0.859,25.0,489335.1256048606,5513360.688739832,489862.83108759683,5512714.270364838
85,0,4,358.2,39.38,0.982,32.7,488669.5413519151,5513638.393961628,488905.5053744782,5513537.697186124
85,1,21,980.7,124.58,0.911,28.3,489335.1256048606,5513360.688739832,489862.83108759683,5512714.270364838
85,2,10,536.8,93.27,1.125,20.7,489611.0148971678,5513025.219971585,489862.83108759683,5512714.270364838
85,3,2,0.0,0.0,0.0,0.0,489357.8995958957,5511864.233087387,489357.8995958957,5511864.233087387
85,4,8,717.7,93.11,0.7,27.7,490017.1493407046,5512613.3871029215,489862.83108759683,5512714.270364838
85,5,2,0.0,0.0,0.0,0.0,488835.3889673353,5511937.387367015,488835.3889673353,5511937.387367015
85,6,2,0.0,0.0,0.0,0.0,489357.8995958957,5511864.233087387,489357.8995958957,5511864.233087387
85,7,5,410.5,58.04,0.861,25.5,488617.2865644318,5513636.691549854,488905.5053744782,5513537.697186124
86,0,2,60.1,4.05,0.451,53.5,489639.2652545412,5511962.5925181685,489611.11977763043,5512015.712892384
86,1,21,980.7,134.44,1.066,26.3,489335.1256048606,5513360.688739832,489862.83108759683,5512714.270364838
86,2,8,717.7,90.99,0.799,28.4,490017.1493407046,5512613.3871029215,489862.83108759683,5512714.270364838
86,3,43,1121.3,192.58,0.616,21.0,489335.1256048606,5513360.688739832,489862.83108759683,5512714.270364838
86,4,5,410.5,47.75,0.712,30.9,488617.2865644318,5513636.691549854,488905.5053744782,5513537.697186124
87,0,2,0.0,0.0,0.0,0.0,489357.8995958957,5511864.233087387,489357.8995958957,5511864.233087387
87,1,2,60.1,4.0,0.604,54.1,489639.2652545412,5511962.5925181685,489611.11977763043,5512015.712892384
87,2,21,980.7,148.18,0.887,23.8,489335.1256048606,5513360.688739832,489862.83108759683,5512714.270364838
87,3,2,0.0,0.0,0.0,0.0,489357.8995958957,5511864.233087387,489357.8995958957,5511864.233087387
87,4,2,60.1,4.64,0.604,46.6,489639.2652545412,5511962.5925181685,489611.11977763043,5512015.712892384
87,5,2,0.0,0.0,0.0,0.0,489357.8995958957,5511864.233087387,489357.8995958957,5511864.233087387
88,0,2,0.0,0.0,0.0,0.0,489357.8995958957,5511864.233087387,489357.8995958957,5511864.233087387
88,1,2,0.0,0.0,0.0,0.0,489357.8995958957,5511864.233087387,489357.8995958957,5511864.233087387
88,2,9,61.4,5.6,0.343,39.5,489877.59626757685,5512761.716728557,489862.83108759683,5512714.270364838
88,3,4,358.2,29.12,0.865,44.3,488669.5413519151,5513638.393961628,488905.5053744782,5513537.697186124
88,4,5,410.5,42.58,0.744,34.7,488617.2865644318,5513636.691549854,488905.5053744782,5513537.697186124
88,5,4,358.2,43.11,0.865,29.9,488669.5413519151,5513638.393961628,488905.5053744782,5513537.697186124
88,6,2,60.1,4.32,0.529,50.1,489639.2652545412,5511962.5925181685,489611.11977763043,5512015.712892384
88,7,2,0.0,0.0,0.0,0.0,488905.5053744782,5513537.697186124,488905.5053744782,5513537.697186124
89,0,2,0.0,0.0,0.0,0.0,489357.8995958957,5511864.233087387,489357.8995958957,5511864.233087387
89,1,8,717.7,60.53,0.412,42.7,490017.1493407046,5512613.3871029215,489862.83108759683,5512714.270364838
89,2,2,0.0,0.0,0.0,0.0,489357.8995958957,5511864.233087387,489357.8995958957,5511864.233087387
89,3,5,410.5,44.41,0.838,33.3,488617.2865644318,5513636.691549854,488905.5053744782,5513537.697186124
89,4,2,0.0,0.0,0.0,0.0,489357.8995958957,5511864.233087387,489357.8995958957,5511864.233087387
89,5,2,0.0,0.0,0.0,0.0,489357.8995958957,5511864.233087387,489357.8995958957,5511864.233087387
89,6,2,0.0,0.0,0.0,0.0,489357.8995958957,5511864.233087387,489357.8995958957,5511864.233087387
89,7,2,60.1,4.15,0.484,52.1,489639.2652545412,5511962.5925181685,489611.11977763043,5512015.712892384
89,8,5,410.5,54.94,0.838,26.9,488617.2865644318,5513636.691549854,488905.5053744782,5513537.697186124
90,0,5,410.5,46.45,0.699,31.8,488617.2865644318,5513636.691549854,488905.5053744782,5513537.697186124
90,1,8,717.7,60.99,0.554,42.4,490017.1493407046,5512613.3871029215,489862.83108759683,5512714.270364838
90,2,2,0.0,0.0,0.0,0.0,489357.8995958957,5511864.233087387,489357.8995958957,5511864.233087387
90,3,11,68.0,6.25,0.356,39.2,489878.3859119593,5512768.074769724,489862.83108759683,5512714.270364838
90,4,2,0.0,0.0,0.0,0.0,489357.8995958957,5511864.233087387,489357.8995958957,5511864.233087387
90,5,2,0.0,0.0,0.0,0.0,489357.8995958957,5511864.233087387,489357.8995958957,5511864.233087387
90,6,21,980.7,104.44,0.499,33.8,489335.1256048606,5513360.688739832,489862.83108759683,5512714.270364838
91,0,21,980.7,103.69,0.832,34.0,489335.1256048606,5513360.688739832,489862.83108759683,5512714.270364838
91,1,2,60.1,3.77,0.341,57.4,489639.2652545412,5511962.5925181685,489611.11977763043,5512015.712892384
91,2,2,0.0,0.0,0.0,0.0,489357.8995958957,5511864.233087387,489357.8995958957,5511864.233087387
91,3,2,0.0,0.0,0.0,0.0,489357.8995958957,5511864.233087387,489357.8995958957,5511864.233087387
91,4,4,358.2,33.54,0.638,38.4,488669.5413519151,5513638.393961628,488905.5053744782,5513537.697186124
91,5,21,980.7,132.31,0.832,26.7,489335.1256048606,5513360.688739832,489862.83108759683,5512714.270364838
91,6,8,717.7,90.19,0.747,28.6,490017.1493407046,5512613.3871029215,489862.83108759683,5512714.270364838
91,7,2,0.0,0.0,0.0,0.0,489357.8995958957,5511864.233087387,489357.8995958957,5511864.233087387
91,8,2,0.0,0.0,0.0,0.0,489357.8995958957,5511864.233087387,489357.8995958957,5511864.233087387
92,0,2,60.1,3.83,0.538,56.5,489639.2652545412,5511962.5925181685,489611.11977763043,5512015.712892384
92,1,21,980.7,126.57,0.957,27.9,489335.1256048606,5513360.688739832,489862.83108759683,5512714.270364838
92,2,16,779.0,136.58,1.042,20.5,489490.83191282937,5513232.770646456,489862.83108759683,5512714.270364838
92,3,2,0.0,0.0,0.0,0.0,489357.8995958957,5511864.233087387,489357.8995958957,5511864.233087387
92,4,30,858.3,103.94,0.404,29.7,490017.1493407046,5512613.3871029215,489862.83108759683,5512714.270364838
92,5,2,60.1,4.35,0.538,49.7,489639.2652545412,5511962.5925181685,489611.11977763043,5512015.712892384
92,6,5,410.5,39.66,0.731,37.3,488617.2865644318,5513636.691549854,488905.5053744782,5513537.697186124
92,7,5,410.5,48.1,0.731,30.7,488617.2865644318,5513636.691549854,488905.5053744782,5513537.697186124
93,0,2,60.1,4.17,0.656,51.9,489639.2652545412,5511962.5925181685,489611.11977763043,5512015.712892384
93,1,21,980.7,138.81,1.304,25.4,489335.1256048606,5513360.688739832,489862.83108759683,5512714.270364838
93,2,2,60.1,4.9,0.656,44.1,489639.2652545412,5511962.5925181685,489611.11977763043,5512015.712892384
93,3,21,980.7,185.34,1.304,19.0,489335.1256048606,5513360.688739832,489862.83108759683,5512714.270364838
93,4,43,1121.3,245.01,0.831,16.5,489335.1256048606,5513360.688739832,489862.83108759683,5512714.270364838
93,5,2,0.0,0.0,0.0,0.0,489357.8995958957,5511864.233087387,489357.8995958957,5511864.233087387
93,6,2,0.0,0.0,0.0,0.0,489357.8995958957,5511864.233087387,489357.8995958957,5511864.233087387
93,7,5,410.5,43.24,0.634,34.2,488617.2865644318,5513636.691549854,488905.5053744782,5513537.697186124
94,0,4,358.2,31.99,1.367,40.3,488669.5413519151,5513638.393961628,488905.5053744782,5513537.697186124
94,1,21,980.7,171.19,1.03,20.6,489335.1256048606,5513360.688739832,489862.83108759683,5512714.270364838
94,2,2,60.1,4.45,0.56,48.7,489639.2652545412,5511962.5925181685,489611.11977763043,5512015.712892384
94,3,5,410.5,48.03,1.26,30.8,488617.2865644318,5513636.691549854,488905.5053744782,5513537.697186124
94,4,5,410.5,60.09,1.26,24.6,488617.2865644318,5513636.691549854,488905.5053744782,5513537.697186124
94,5,4,358.2,62.21,1.367,20.7,488669.5413519151,5513638.393961628,488905.5053744782,5513537.697186124
94,6,5,410.5,91.69,1.26,16.1,488617.2865644318,5513636.691549854,488905.5053744782,5513537.697186124
94,7,2,0.0,0.0,0.0,0.0,489357.8995958957,5511864.233087387,489357.8995958957,5511864.233087387
94,8,2,0.0,0.0,0.0,0.0,489357.8995958957,5511864.233087387,489357.8995958957,5511864.233087387
95,0,2,0.0,0.0,0.0,0.0,489357.8995958957,5511864.233087387,489357.8995958957,5511864.233087387
95,1,4,358.2,51.5,1.403,25.0,488669.5413519151,5513638.393961628,488905.5053744782,5513537.697186124
95,2,5,88.6,11.1,0.192,28.7,489603.47737474774,5511951.632139955,489611.11977763043,5512015.712892384
95,3,4,358.2,64.97,1.403,19.8,488669.5413519151,5513638.393961628,488905.5053744782,5513537.697186124
95,4,16,779.0,112.2,1.127,25.0,489490.83191282937,5513232.770646456,489862.83108759683,5512714.270364838
95,5,21,980.7,177.59,1.05,19.9,489335.1256048606,5513360.688739832,489862.83108759683,5512714.270364838
95,6,5,410.5,92.4,1.243,16.0,488617.2865644318,5513636.691549854,488905.5053744782,5513537.697186124
96,0,2,0.0,0.0,0.0,0.0,489357.8995958957,5511864.233087387,489357.8995958957,5511864.233087387
96,1,5,410.5,62.78,1.138,23.5,488617.2865644318,5513636.691549854,488905.5053744782,5513537.697186124
96,2,2,0.0,0.0,0.0,0.0,488905.5053744782,5513537.697186124,488905.5053744782,5513537.697186124
96,3,2,0.0,0.0,0.0,0.0,489357.8995958957,5511864.233087387,489357.8995958957,5511864.233087387
96,4,5,410.5,79.09,1.138,18.7,488617.2865644318,5513636.691549854,488905.5053744782,5513537.697186124
96,5,2,0.0,0.0,0.0,0.0,489357.8995958957,5511864.233087387,489357.8995958957,5511864.233087387
96,6,2,0.0,0.0,0.0,0.0,488905.5053744782,5513537.697186124,488905.5053744782,5513537.697186124
96,7,2,0.0,0.0,0.0,0.0,489357.8995958957,5511864.233087387,489357.8995958957,5511864.233087387
96,8,2,0.0,0.0,0.0,0.0,489357.8995958957,5511864.233087387,489357.8995958957,5511864.233087387
97,0,8,717.7,60.93,0.803,42.4,490017.1493407046,5512613.3871029215,489862.83108759683,5512714.270364838
97,1,2,0.0,0.0,0.0,0.0,489357.8995958957,5511864.233087387,489357.8995958957,5511864.233087387
97,2,8,717.7,71.6,0.803,36.1,490017.1493407046,5512613.3871029215,489862.83108759683,5512714.270364838
97,3,2,60.1,3.69,0.288,58.7,489639.2652545412,5511962.5925181685,489611.11977763043,5512015.712892384
97,4,4,358.2,46.71,1.127,27.6,488669.5413519151,5513638.393961628,488905.5053744782,5513537.697186124
97,5,5,410.5,69.5,1.024,21.3,488617.2865644318,5513636.691549854,488905.5053744782,5513537.697186124
97,6,2,0.0,0.0,0.0,0.0,489357.8995958957,5511864.233087387,489357.8995958957,5511864.233087387
97,7,8,717.7,89.19,0.803,29.0,490017.1493407046,5512613.3871029215,489862.83108759683,5512714.270364838
98,0,2,60.1,3.77,0.673,57.4,489639.2652545412,5511962.5925181685,489611.11977763043,5512015.712892384
98,1,21,980.7,108.71,0.789,32.5,489335.1256048606,5513360.688739832,489862.83108759683,5512714.270364838
98,2,5,410.5,53.0,0.956,27.9,488617.2865644318,5513636.691549854,488905.5053744782,5513537.697186124
98,3,21,980.7,138.25,0.789,25.5,489335.1256048606,5513360.688739832,489862.83108759683,5512714.270364838
98,4,4,358.2,54.75,1.065,23.6,488669.5413519151,5513638.393961628,488905.5053744782,5513537.697186124
98,5,2,60.1,4.23,0.673,51.2,489639.2652545412,5511962.5925181685,489611.11977763043,5512015.712892384
98,6,2,60.1,4.99,0.673,43.4,489639.2652545412,5511962.5925181685,489611.11977763043,5512015.712892384
99,0,2,60.1,4.49,0.57,48.2,489639.2652545412,5511962.5925181685,489611.11977763043,5512015.712892384
99,1,2,0.0,0.0,0.0,0.0,488905.5053744782,5513537.697186124,488905.5053744782,5513537.697186124
99,2,14,243.2,19.13,0.195,45.8,488743.9032971132,5512632.021076929,488918.4753544103,5512562.606148558
99,3,21,980.7,122.57,0.721,28.8,489335.1256048606,5513360.688739832,489862.83108759683,5512714.270364838
99,4,2,0.0,0.0,0.0,0.0,488835.3889673353,5511937.387367015,488835.3889673353,5511937.387367015
99,5,2,0.0,0.0,0.0,0.0,489357.8995958957,5511864.233087387,489357.8995958957,5511864.233087387
99,6,4,358.2,41.54,1.028,31.0,488669.5413519151,5513638.393961628,488905.5053744782,5513537.697186124
99,7,5,410.5,61.49,0.915,24.0,488617.2865644318,5513636.691549854,488905.5053744782,5513537.697186124
